round_id,q_index,released_at,deadline_at,question_id,question_text,option_a,option_b,option_c,option_d
1,1,2026-09-01T19:08:37Z,2026-09-01T20:13:37Z,q1427,Region A had 11 orders averaging $91.00; region B had 146 orders averaging $26.00. What is the overall average order value?,30.55,58.50,32.86,86.45
1,2,2026-09-01T19:08:37Z,2026-09-01T20:13:37Z,q0376,"Fixed costs are $57,500.00. Each unit sells for $152.00 with a variable cost of $64.00. How many units must be sold to break even?",266 units,653 units,378 units,898 units
1,3,2026-09-01T19:08:37Z,2026-09-01T20:13:37Z,q0430,A retailer sells 326 units at $52.57 each. What is total revenue?,"$16,612.12","$17,663.52","$17,463.82","$17,137.82"
1,4,2026-09-01T19:08:37Z,2026-09-01T20:13:37Z,q0154,A contract signed on 14 February 2026 has a 110-day settlement period. On what date does it settle?,4 June 2026,5 June 2026,4 July 2026,28 May 2026
1,5,2026-09-01T19:08:37Z,2026-09-01T20:13:37Z,q1569,Region A had 194 orders averaging $65.00; region B had 37 orders averaging $53.00. What is the overall average order value?,54.92,75.11,59.00,63.08
2,1,2026-09-01T20:01:00Z,2026-09-01T21:06:00Z,q0151,"An invoice for $7,878.09 is settled at an exchange rate of 1.4987. What is the converted amount?","11,019.08","5,256.62","11,806.89","12,594.70"
2,2,2026-09-01T20:01:00Z,2026-09-01T21:06:00Z,q0178,A contract signed on 27 January 2026 has a 153-day settlement period. On what date does it settle?,22 June 2026,29 June 2026,30 June 2026,29 July 2026
2,3,2026-09-01T20:01:00Z,2026-09-01T21:06:00Z,q1108,An item listed at $188.85 is discounted by 35%. What is the sale price?,$254.95,$122.75,$153.85,$66.10
2,4,2026-09-01T20:01:00Z,2026-09-01T21:06:00Z,q0568,"A monthly headcount series runs 27, 37, 47, 57, 67. If the pattern continues, what is the next value?",97,77,87,67
2,5,2026-09-01T20:01:00Z,2026-09-01T21:06:00Z,q1103,"A $6,900.00 marketing budget is split between two channels in the ratio 2:3. What does the first channel receive?","$4,600.00","$4,140.00","$2,760.00","$1,380.00"
3,1,2026-09-01T21:00:54Z,2026-09-01T22:05:54Z,q1044,A $810.00 marketing budget is split between two channels in the ratio 2:3. What does the first channel receive?,$162.00,$324.00,$486.00,$540.00
3,2,2026-09-01T21:00:54Z,2026-09-01T22:05:54Z,q1654,"A monthly headcount series runs 33, 36, 39, 42, 45. If the pattern continues, what is the next value?",54,48,45,51
3,3,2026-09-01T21:00:54Z,2026-09-01T22:05:54Z,q0311,"A support queue holds 13 billing tickets, 3 technical tickets and 8 account tickets. If one is drawn at random, what is the probability it is a billing ticket?",12.5%,118.2%,66.7%,54.2%
3,4,2026-09-01T21:00:54Z,2026-09-01T22:05:54Z,q0911,"Fixed costs are $9,000.00. Each unit sells for $189.00 with a variable cost of $83.00. How many units must be sold to break even?",85 units,33 units,48 units,108 units
3,5,2026-09-01T21:00:54Z,2026-09-01T22:05:54Z,q1416,"A monthly headcount series runs 27, 44, 61, 78, 95. If the pattern continues, what is the next value?",129,146,112,95
4,1,2026-09-01T22:00:39Z,2026-09-01T23:05:39Z,q1239,"Fixed costs are $43,000.00. Each unit sells for $91.00 with a variable cost of $46.00. How many units must be sold to break even?",935 units,473 units,314 units,956 units
4,2,2026-09-01T22:00:39Z,2026-09-01T23:05:39Z,q0699,"A monthly headcount series runs 37, 41, 45, 49, 53. If the pattern continues, what is the next value?",65,57,61,53
4,3,2026-09-01T22:00:39Z,2026-09-01T23:05:39Z,q0566,An invoice for $683.86 is settled at an exchange rate of 0.8952. What is the converted amount?,612.19,543.81,680.58,763.92
4,4,2026-09-01T22:00:39Z,2026-09-01T23:05:39Z,q0659,An item listed at $501.63 is discounted by 40%. What is the sale price?,$200.65,$300.98,$461.63,$702.28
4,5,2026-09-01T22:00:39Z,2026-09-01T23:05:39Z,q0946,"An investment of $13,000.00 grows at 9% compounded annually. What is its value after 2 years?","$2,340.00","$14,170.00","$15,445.30","$15,340.00"
5,1,2026-09-01T23:00:39Z,2026-09-02T00:05:39Z,q1434,"A product line generates $22,250.00 in revenue against $19,163.62 in cost of goods sold. What is the gross margin?",13.9%,16.1%,7.5%,86.1%
5,2,2026-09-01T23:00:39Z,2026-09-02T00:05:39Z,q1136,Region A had 118 orders averaging $31.00; region B had 148 orders averaging $58.00. What is the overall average order value?,44.50,46.02,42.98,82.72
5,3,2026-09-01T23:00:39Z,2026-09-02T00:05:39Z,q1151,"A support queue holds 6 billing tickets, 22 technical tickets and 12 account tickets. If one is drawn at random, what is the probability it is a billing ticket?",55.0%,15.0%,70.0%,17.6%
5,4,2026-09-01T23:00:39Z,2026-09-02T00:05:39Z,q0633,"Quarterly revenue moved from $1,650.00 to $889.00. What is the percentage change?",53.9%,46.1%,-85.6%,-46.1%
5,5,2026-09-01T23:00:39Z,2026-09-02T00:05:39Z,q1585,"A support queue holds 17 billing tickets, 18 technical tickets and 15 account tickets. If one is drawn at random, what is the probability it is a billing ticket?",70.0%,51.5%,36.0%,34.0%
6,1,2026-09-02T00:00:38Z,2026-09-02T01:05:38Z,q0548,A retailer sells 490 units at $81.19 each. What is total revenue?,"$40,273.10","$40,595.00","$38,971.20","$39,783.10"
6,2,2026-09-02T00:00:38Z,2026-09-02T01:05:38Z,q0778,"An investment of $22,000.00 grows at 5% compounded annually. What is its value after 5 years?","$5,500.00","$28,078.19","$27,500.00","$26,741.14"
6,3,2026-09-02T00:00:38Z,2026-09-02T01:05:38Z,q0614,"An invoice for $6,442.52 is settled at an exchange rate of 1.3165. What is the converted amount?","4,893.67","7,837.33","8,481.58","9,125.83"
6,4,2026-09-02T00:00:38Z,2026-09-02T01:05:38Z,q0155,A $660.00 marketing budget is split between two channels in the ratio 4:5. What does the first channel receive?,$73.33,$366.67,$528.00,$293.33
6,5,2026-09-02T00:00:38Z,2026-09-02T01:05:38Z,q1382,A contract signed on 24 October 2026 has a 217-day settlement period. On what date does it settle?,29 May 2027,22 May 2027,30 May 2027,28 June 2027
7,1,2026-09-02T01:00:35Z,2026-09-02T02:05:35Z,q0551,An item listed at $811.06 is discounted by 15%. What is the sale price?,$796.06,$689.40,$932.72,$121.66
7,2,2026-09-02T01:00:35Z,2026-09-02T02:05:35Z,q0992,An item listed at $265.89 is discounted by 10%. What is the sale price?,$26.59,$292.48,$239.30,$255.89
7,3,2026-09-02T01:00:35Z,2026-09-02T02:05:35Z,q1340,"A product line generates $69,250.00 in revenue against $36,627.58 in cost of goods sold. What is the gross margin?",52.9%,30.8%,89.1%,47.1%
7,4,2026-09-02T01:00:35Z,2026-09-02T02:05:35Z,q0137,"An investment of $34,500.00 grows at 14% compounded annually. What is its value after 2 years?","$44,836.20","$44,160.00","$39,330.00","$9,660.00"
7,5,2026-09-02T01:00:35Z,2026-09-02T02:05:35Z,q0817,Region A had 109 orders averaging $47.00; region B had 159 orders averaging $44.00. What is the overall average order value?,45.22,45.78,45.50,76.22
8,1,2026-09-02T02:00:36Z,2026-09-02T03:05:36Z,q0077,"An investment of $34,500.00 grows at 13% compounded annually. What is its value after 4 years?","$49,779.95","$17,940.00","$52,440.00","$56,251.34"
8,2,2026-09-02T02:00:36Z,2026-09-02T03:05:36Z,q0372,"Quarterly revenue moved from $2,900.00 to $2,703.00. What is the percentage change?",-7.3%,-6.8%,93.2%,6.8%
8,3,2026-09-02T02:00:36Z,2026-09-02T03:05:36Z,q1484,"Fixed costs are $8,000.00. Each unit sells for $84.00 with a variable cost of $28.00. How many units must be sold to break even?",71 units,286 units,143 units,95 units
8,4,2026-09-02T02:00:36Z,2026-09-02T03:05:36Z,q1297,"Fixed costs are $7,500.00. Each unit sells for $97.00 with a variable cost of $32.00. How many units must be sold to break even?",77 units,115 units,234 units,58 units
8,5,2026-09-02T02:00:36Z,2026-09-02T03:05:36Z,q0099,"A product line generates $43,500.00 in revenue against $34,475.30 in cost of goods sold. What is the gross margin?",11.6%,20.7%,79.3%,26.2%
9,1,2026-09-02T03:00:36Z,2026-09-02T04:05:36Z,q0732,"Fixed costs are $32,500.00. Each unit sells for $140.00 with a variable cost of $64.00. How many units must be sold to break even?",159 units,428 units,508 units,232 units
9,2,2026-09-02T03:00:36Z,2026-09-02T04:05:36Z,q0635,An item listed at $840.63 is discounted by 10%. What is the sale price?,$830.63,$756.57,$924.69,$84.06
9,3,2026-09-02T03:00:36Z,2026-09-02T04:05:36Z,q1171,"A monthly headcount series runs 40, 45, 50, 55, 60. If the pattern continues, what is the next value?",60,75,65,70
9,4,2026-09-02T03:00:36Z,2026-09-02T04:05:36Z,q1517,"A product line generates $57,750.00 in revenue against $31,582.98 in cost of goods sold. What is the gross margin?",54.7%,45.3%,82.9%,29.3%
9,5,2026-09-02T03:00:36Z,2026-09-02T04:05:36Z,q0895,"Quarterly revenue moved from $1,700.00 to $1,527.00. What is the percentage change?",89.8%,-10.2%,-11.3%,10.2%
10,1,2026-09-02T04:00:40Z,2026-09-02T05:05:40Z,q0392,"A $8,490.00 marketing budget is split between two channels in the ratio 3:4. What does the first channel receive?","$1,212.86","$3,638.57","$6,367.50","$4,851.43"
10,2,2026-09-02T04:00:40Z,2026-09-02T05:05:40Z,q1184,"A $7,800.00 marketing budget is split between two channels in the ratio 3:4. What does the first channel receive?","$4,457.14","$1,114.29","$5,850.00","$3,342.86"
10,3,2026-09-02T04:00:40Z,2026-09-02T05:05:40Z,q0906,A retailer sells 637 units at $36.32 each. What is total revenue?,"$22,772.64","$23,499.04","$23,772.84","$23,135.84"
10,4,2026-09-02T04:00:40Z,2026-09-02T05:05:40Z,q1597,"A support queue holds 18 billing tickets, 8 technical tickets and 12 account tickets. If one is drawn at random, what is the probability it is a billing ticket?",90.0%,68.4%,21.1%,47.4%
10,5,2026-09-02T04:00:40Z,2026-09-02T05:05:40Z,q1459,"An investment of $8,500.00 grows at 3% compounded annually. What is its value after 8 years?","$10,453.93","$2,040.00","$10,540.00","$10,767.55"
11,1,2026-09-02T05:00:40Z,2026-09-02T06:05:40Z,q0341,"Fixed costs are $6,000.00. Each unit sells for $175.00 with a variable cost of $151.00. How many units must be sold to break even?",250 units,18 units,34 units,40 units
11,2,2026-09-02T05:00:40Z,2026-09-02T06:05:40Z,q0974,A contract signed on 12 August 2026 has a 72-day settlement period. On what date does it settle?,16 October 2026,22 November 2026,24 October 2026,23 October 2026
11,3,2026-09-02T05:00:40Z,2026-09-02T06:05:40Z,q0952,"A support queue holds 6 billing tickets, 9 technical tickets and 6 account tickets. If one is drawn at random, what is the probability it is a billing ticket?",28.6%,40.0%,42.9%,71.4%
11,4,2026-09-02T05:00:40Z,2026-09-02T06:05:40Z,q0179,"A $8,700.00 marketing budget is split between two channels in the ratio 2:4. What does the first channel receive?","$1,450.00","$4,350.00","$2,900.00","$5,800.00"
11,5,2026-09-02T05:00:40Z,2026-09-02T06:05:40Z,q0903,A contract signed on 22 July 2026 has a 96-day settlement period. On what date does it settle?,26 October 2026,19 October 2026,25 November 2026,27 October 2026
12,1,2026-09-02T06:00:38Z,2026-09-02T07:05:38Z,q0212,Region A had 129 orders averaging $33.00; region B had 157 orders averaging $83.00. What is the overall average order value?,58.00,60.45,55.55,110.11
12,2,2026-09-02T06:00:38Z,2026-09-02T07:05:38Z,q1056,"A $7,200.00 marketing budget is split between two channels in the ratio 4:3. What does the first channel receive?","$9,600.00","$3,085.71","$4,114.29","$1,028.57"
12,3,2026-09-02T06:00:38Z,2026-09-02T07:05:38Z,q1251,"Fixed costs are $34,000.00. Each unit sells for $173.00 with a variable cost of $106.00. How many units must be sold to break even?",197 units,321 units,122 units,507 units
12,4,2026-09-02T06:00:38Z,2026-09-02T07:05:38Z,q0962,A contract signed on 14 December 2026 has a 181-day settlement period. On what date does it settle?,13 July 2027,14 June 2027,13 June 2027,6 June 2027
12,5,2026-09-02T06:00:38Z,2026-09-02T07:05:38Z,q1365,"An investment of $28,500.00 grows at 8% compounded annually. What is its value after 4 years?","$38,773.94","$37,620.00","$9,120.00","$35,901.79"
13,1,2026-09-02T07:00:26Z,2026-09-02T08:05:26Z,q0171,"A product line generates $87,250.00 in revenue against $70,514.85 in cost of goods sold. What is the gross margin?",23.7%,80.8%,19.2%,10.6%
13,2,2026-09-02T07:00:26Z,2026-09-02T08:05:26Z,q0613,"Fixed costs are $8,000.00. Each unit sells for $136.00 with a variable cost of $81.00. How many units must be sold to break even?",99 units,59 units,37 units,145 units
13,3,2026-09-02T07:00:26Z,2026-09-02T08:05:26Z,q0981,"An investment of $8,000.00 grows at 9% compounded annually. What is its value after 5 years?","$11,600.00","$12,308.99","$3,600.00","$11,292.65"
13,4,2026-09-02T07:00:26Z,2026-09-02T08:05:26Z,q0707,"An investment of $10,000.00 grows at 4% compounded annually. What is its value after 7 years?","$12,800.00","$12,653.19","$13,159.32","$2,800.00"
13,5,2026-09-02T07:00:26Z,2026-09-02T08:05:26Z,q0645,"Quarterly revenue moved from $1,600.00 to $2,067.00. What is the percentage change?",-29.2%,22.6%,129.2%,29.2%
14,1,2026-09-02T08:00:27Z,2026-09-02T09:05:27Z,q1139,"A $8,100.00 marketing budget is split between two channels in the ratio 3:2. What does the first channel receive?","$12,150.00","$1,620.00","$3,240.00","$4,860.00"
14,2,2026-09-02T08:00:27Z,2026-09-02T09:05:27Z,q1000,A retailer sells 799 units at $25.74 each. What is total revenue?,"$20,308.86","$21,365.26","$20,566.26","$20,823.66"
14,3,2026-09-02T08:00:27Z,2026-09-02T09:05:27Z,q0351,"An investment of $43,000.00 grows at 3% compounded annually. What is its value after 8 years?","$54,471.11","$10,320.00","$52,884.58","$53,320.00"
14,4,2026-09-02T08:00:27Z,2026-09-02T09:05:27Z,q1166,An item listed at $432.46 is discounted by 10%. What is the sale price?,$422.46,$389.21,$475.71,$43.25
14,5,2026-09-02T08:00:27Z,2026-09-02T09:05:27Z,q0652,"A monthly headcount series runs 23, 33, 43, 53, 63. If the pattern continues, what is the next value?",63,93,83,73
15,1,2026-09-02T09:00:27Z,2026-09-02T10:05:27Z,q0823,"Quarterly revenue moved from $4,150.00 to $3,542.00. What is the percentage change?",85.3%,-14.7%,14.7%,-17.2%
15,2,2026-09-02T09:00:27Z,2026-09-02T10:05:27Z,q0285,A contract signed on 5 March 2026 has a 239-day settlement period. On what date does it settle?,30 October 2026,31 October 2026,29 November 2026,23 October 2026
15,3,2026-09-02T09:00:27Z,2026-09-02T10:05:27Z,q0395,"Quarterly revenue moved from $1,850.00 to $1,102.00. What is the percentage change?",40.4%,-40.4%,59.6%,-67.9%
15,4,2026-09-02T09:00:27Z,2026-09-02T10:05:27Z,q1503,A retailer sells 279 units at $34.30 each. What is total revenue?,"$9,569.70","$9,226.70","$9,912.70","$9,848.70"
15,5,2026-09-02T09:00:27Z,2026-09-02T10:05:27Z,q0066,"Fixed costs are $7,000.00. Each unit sells for $32.00 with a variable cost of $11.00. How many units must be sold to break even?",163 units,333 units,636 units,219 units
16,1,2026-09-02T10:00:23Z,2026-09-02T11:05:23Z,q0408,"A product line generates $30,250.00 in revenue against $25,164.06 in cost of goods sold. What is the gross margin?",16.8%,83.2%,9.2%,20.2%
16,2,2026-09-02T10:00:23Z,2026-09-02T11:05:23Z,q0810,A retailer sells 209 units at $41.88 each. What is total revenue?,"$8,752.92","$8,961.92","$8,334.12","$9,171.72"
16,3,2026-09-02T10:00:23Z,2026-09-02T11:05:23Z,q1202,"An investment of $5,000.00 grows at 7% compounded annually. What is its value after 4 years?","$6,125.22","$1,400.00","$6,400.00","$6,553.98"
16,4,2026-09-02T10:00:23Z,2026-09-02T11:05:23Z,q0691,"A support queue holds 12 billing tickets, 9 technical tickets and 9 account tickets. If one is drawn at random, what is the probability it is a billing ticket?",40.0%,70.0%,66.7%,30.0%
16,5,2026-09-02T10:00:23Z,2026-09-02T11:05:23Z,q0787,Quarterly revenue moved from $450.00 to $531.00. What is the percentage change?,15.3%,18.0%,-18.0%,118.0%
17,1,2026-09-02T11:00:26Z,2026-09-02T12:05:26Z,q1217,Region A had 191 orders averaging $90.00; region B had 182 orders averaging $86.00. What is the overall average order value?,87.95,88.00,88.05,171.95
17,2,2026-09-02T11:00:26Z,2026-09-02T12:05:26Z,q1655,A contract signed on 23 May 2026 has a 303-day settlement period. On what date does it settle?,22 March 2027,21 April 2027,23 March 2027,15 March 2027
17,3,2026-09-02T11:00:26Z,2026-09-02T12:05:26Z,q0499,A contract signed on 28 December 2026 has a 84-day settlement period. On what date does it settle?,23 March 2027,21 April 2027,15 March 2027,22 March 2027
17,4,2026-09-02T11:00:26Z,2026-09-02T12:05:26Z,q0008,Region A had 193 orders averaging $33.00; region B had 78 orders averaging $26.00. What is the overall average order value?,29.50,30.99,43.51,28.01
17,5,2026-09-02T11:00:26Z,2026-09-02T12:05:26Z,q1554,"An investment of $38,000.00 grows at 14% compounded annually. What is its value after 5 years?","$64,180.49","$73,165.75","$26,600.00","$64,600.00"
18,1,2026-09-02T12:00:25Z,2026-09-02T13:05:25Z,q1288,"A monthly headcount series runs 37, 51, 65, 79, 93. If the pattern continues, what is the next value?",93,121,107,135
18,2,2026-09-02T12:00:25Z,2026-09-02T13:05:25Z,q1290,A $750.00 marketing budget is split between two channels in the ratio 6:8. What does the first channel receive?,$53.57,$321.43,$428.57,$562.50
18,3,2026-09-02T12:00:25Z,2026-09-02T13:05:25Z,q0772,A contract signed on 25 May 2026 has a 376-day settlement period. On what date does it settle?,5 June 2027,29 May 2027,5 July 2027,6 June 2027
18,4,2026-09-02T12:00:25Z,2026-09-02T13:05:25Z,q0331,Region A had 54 orders averaging $92.00; region B had 68 orders averaging $78.00. What is the overall average order value?,85.00,85.80,151.06,84.20
18,5,2026-09-02T12:00:25Z,2026-09-02T13:05:25Z,q1518,An item listed at $394.96 is discounted by 25%. What is the sale price?,$296.22,$493.70,$369.96,$98.74
19,1,2026-09-02T13:00:27Z,2026-09-02T14:05:27Z,q0001,A retailer sells 192 units at $70.26 each. What is total revenue?,"$12,787.32","$13,681.92","$13,489.92","$14,192.52"
19,2,2026-09-02T13:00:27Z,2026-09-02T14:05:27Z,q0065,"An investment of $26,500.00 grows at 9% compounded annually. What is its value after 6 years?","$14,310.00","$40,810.00","$44,443.15","$40,773.53"
19,3,2026-09-02T13:00:27Z,2026-09-02T14:05:27Z,q1158,"An invoice for $6,218.63 is settled at an exchange rate of 0.9906. What is the converted amount?","6,782.04","5,538.31","6,160.17","6,277.64"
19,4,2026-09-02T13:00:27Z,2026-09-02T14:05:27Z,q0304,"An investment of $41,000.00 grows at 13% compounded annually. What is its value after 8 years?","$108,996.21","$83,640.00","$42,640.00","$96,456.82"
19,5,2026-09-02T13:00:27Z,2026-09-02T14:05:27Z,q0293,"Fixed costs are $26,000.00. Each unit sells for $186.00 with a variable cost of $146.00. How many units must be sold to break even?",650 units,178 units,140 units,78 units
20,1,2026-09-02T14:00:28Z,2026-09-02T15:05:28Z,q0272,Region A had 182 orders averaging $48.00; region B had 117 orders averaging $94.00. What is the overall average order value?,108.43,71.00,76.00,66.00
20,2,2026-09-02T14:00:28Z,2026-09-02T15:05:28Z,q1591,"Fixed costs are $13,500.00. Each unit sells for $162.00 with a variable cost of $75.00. How many units must be sold to break even?",155 units,57 units,180 units,83 units
20,3,2026-09-02T14:00:28Z,2026-09-02T15:05:28Z,q1383,"A support queue holds 17 billing tickets, 19 technical tickets and 4 account tickets. If one is drawn at random, what is the probability it is a billing ticket?",42.5%,90.0%,47.5%,73.9%
20,4,2026-09-02T14:00:28Z,2026-09-02T15:05:28Z,q0863,"Fixed costs are $28,500.00. Each unit sells for $196.00 with a variable cost of $71.00. How many units must be sold to break even?",107 units,228 units,145 units,401 units
20,5,2026-09-02T14:00:28Z,2026-09-02T15:05:28Z,q0588,"An investment of $3,500.00 grows at 6% compounded annually. What is its value after 6 years?","$4,964.82","$4,683.79","$4,760.00","$1,260.00"
21,1,2026-09-02T15:00:23Z,2026-09-02T16:05:23Z,q1548,"A $8,730.00 marketing budget is split between two channels in the ratio 4:2. What does the first channel receive?","$1,455.00","$17,460.00","$5,820.00","$2,910.00"
21,2,2026-09-02T15:00:23Z,2026-09-02T16:05:23Z,q0526,"Quarterly revenue moved from $2,800.00 to $4,128.00. What is the percentage change?",-47.4%,47.4%,32.2%,147.4%
21,3,2026-09-02T15:00:23Z,2026-09-02T16:05:23Z,q1354,"An investment of $43,500.00 grows at 14% compounded annually. What is its value after 8 years?","$124,087.51","$108,848.69","$48,720.00","$92,220.00"
21,4,2026-09-02T15:00:23Z,2026-09-02T16:05:23Z,q1505,"A product line generates $77,500.00 in revenue against $42,247.05 in cost of goods sold. What is the gross margin?",83.4%,54.5%,29.4%,45.5%
21,5,2026-09-02T15:00:23Z,2026-09-02T16:05:23Z,q1128,"A support queue holds 4 billing tickets, 3 technical tickets and 11 account tickets. If one is drawn at random, what is the probability it is a billing ticket?",28.6%,38.9%,16.7%,22.2%
22,1,2026-09-02T16:00:24Z,2026-09-02T17:05:24Z,q0538,"A product line generates $88,250.00 in revenue against $55,164.25 in cost of goods sold. What is the gross margin?",62.5%,23.1%,60.0%,37.5%
22,2,2026-09-02T16:00:24Z,2026-09-02T17:05:24Z,q0022,A contract signed on 16 October 2026 has a 254-day settlement period. On what date does it settle?,20 June 2027,27 June 2027,28 June 2027,27 July 2027
22,3,2026-09-02T16:00:24Z,2026-09-02T17:05:24Z,q1055,A contract signed on 5 December 2026 has a 389-day settlement period. On what date does it settle?,22 December 2027,29 December 2027,28 January 2028,30 December 2027
22,4,2026-09-02T16:00:24Z,2026-09-02T17:05:24Z,q1662,"An investment of $15,000.00 grows at 3% compounded annually. What is its value after 4 years?","$16,390.90","$16,882.63","$16,800.00","$1,800.00"
22,5,2026-09-02T16:00:24Z,2026-09-02T17:05:24Z,q0039,"A product line generates $48,500.00 in revenue against $39,268.24 in cost of goods sold. What is the gross margin?",81.0%,19.0%,10.5%,23.5%
23,1,2026-09-02T17:00:28Z,2026-09-02T18:05:28Z,q0417,"A support queue holds 24 billing tickets, 10 technical tickets and 3 account tickets. If one is drawn at random, what is the probability it is a billing ticket?",91.9%,64.9%,27.0%,184.6%
23,2,2026-09-02T17:00:28Z,2026-09-02T18:05:28Z,q0966,Quarterly revenue moved from $500.00 to $644.00. What is the percentage change?,-28.8%,22.4%,128.8%,28.8%
23,3,2026-09-02T17:00:28Z,2026-09-02T18:05:28Z,q0995,"An invoice for $4,553.60 is settled at an exchange rate of 1.1295. What is the converted amount?","5,143.29","4,031.52","4,687.93","5,598.65"
23,4,2026-09-02T17:00:28Z,2026-09-02T18:05:28Z,q1341,An item listed at $91.78 is discounted by 5%. What is the sale price?,$4.59,$86.78,$96.37,$87.19
23,5,2026-09-02T17:00:28Z,2026-09-02T18:05:28Z,q1305,"Quarterly revenue moved from $4,300.00 to $4,076.00. What is the percentage change?",94.8%,5.2%,-5.5%,-5.2%
24,1,2026-09-02T18:00:27Z,2026-09-02T19:05:27Z,q1048,"A product line generates $30,750.00 in revenue against $16,288.02 in cost of goods sold. What is the gross margin?",88.8%,53.0%,30.7%,47.0%
24,2,2026-09-02T18:00:27Z,2026-09-02T19:05:27Z,q1137,"A monthly headcount series runs 11, 15, 19, 23, 27. If the pattern continues, what is the next value?",35,27,31,39
24,3,2026-09-02T18:00:27Z,2026-09-02T19:05:27Z,q0101,"An investment of $49,000.00 grows at 5% compounded annually. What is its value after 5 years?","$61,250.00","$62,537.80","$12,250.00","$59,559.81"
24,4,2026-09-02T18:00:27Z,2026-09-02T19:05:27Z,q1316,"Quarterly revenue moved from $4,750.00 to $3,417.00. What is the percentage change?",28.1%,-39.0%,-28.1%,71.9%
24,5,2026-09-02T18:00:27Z,2026-09-02T19:05:27Z,q0938,"A monthly headcount series runs 27, 31, 35, 39, 43. If the pattern continues, what is the next value?",43,47,55,51
25,1,2026-09-02T19:00:26Z,2026-09-02T20:05:26Z,q1256,"A $6,570.00 marketing budget is split between two channels in the ratio 2:4. What does the first channel receive?","$2,190.00","$4,380.00","$1,095.00","$3,285.00"
25,2,2026-09-02T19:00:26Z,2026-09-02T20:05:26Z,q1632,A $990.00 marketing budget is split between two channels in the ratio 2:5. What does the first channel receive?,$141.43,$707.14,$282.86,$396.00
25,3,2026-09-02T19:00:26Z,2026-09-02T20:05:26Z,q0158,"Quarterly revenue moved from $4,200.00 to $6,282.00. What is the percentage change?",49.6%,-49.6%,33.1%,149.6%
25,4,2026-09-02T19:00:26Z,2026-09-02T20:05:26Z,q0367,"A monthly headcount series runs 32, 44, 56, 68, 80. If the pattern continues, what is the next value?",80,116,104,92
25,5,2026-09-02T19:00:26Z,2026-09-02T20:05:26Z,q0820,A $840.00 marketing budget is split between two channels in the ratio 4:8. What does the first channel receive?,$280.00,$420.00,$560.00,$70.00
26,1,2026-09-02T20:00:24Z,2026-09-02T21:05:24Z,q0299,"A support queue holds 11 billing tickets, 5 technical tickets and 14 account tickets. If one is drawn at random, what is the probability it is a billing ticket?",53.3%,16.7%,36.7%,57.9%
26,2,2026-09-02T20:00:24Z,2026-09-02T21:05:24Z,q1606,"A monthly headcount series runs 9, 15, 21, 27, 33. If the pattern continues, what is the next value?",45,33,51,39
26,3,2026-09-02T20:00:24Z,2026-09-02T21:05:24Z,q1052,An invoice for $398.11 is settled at an exchange rate of 1.1477. What is the converted amount?,496.72,417.10,456.91,346.88
26,4,2026-09-02T20:00:24Z,2026-09-02T21:05:24Z,q1558,"A monthly headcount series runs 33, 48, 63, 78, 93. If the pattern continues, what is the next value?",108,138,93,123
26,5,2026-09-02T20:00:24Z,2026-09-02T21:05:24Z,q1653,Region A had 64 orders averaging $47.00; region B had 103 orders averaging $22.00. What is the overall average order value?,51.20,34.50,37.42,31.58
27,1,2026-09-02T21:00:27Z,2026-09-02T22:05:27Z,q0360,"Quarterly revenue moved from $4,950.00 to $5,654.00. What is the percentage change?",14.2%,-14.2%,12.5%,114.2%
27,2,2026-09-02T21:00:27Z,2026-09-02T22:05:27Z,q1415,Region A had 122 orders averaging $44.00; region B had 58 orders averaging $36.00. What is the overall average order value?,61.11,38.58,41.42,40.00
27,3,2026-09-02T21:00:27Z,2026-09-02T22:05:27Z,q1326,A retailer sells 209 units at $28.50 each. What is total revenue?,"$6,165.50","$5,956.50","$6,241.50","$5,671.50"
27,4,2026-09-02T21:00:27Z,2026-09-02T22:05:27Z,q0756,"Fixed costs are $76,500.00. Each unit sells for $39.00 with a variable cost of $23.00. How many units must be sold to break even?","3,326 units","1,234 units","4,781 units","1,962 units"
27,5,2026-09-02T21:00:27Z,2026-09-02T22:05:27Z,q0982,"Fixed costs are $12,000.00. Each unit sells for $149.00 with a variable cost of $42.00. How many units must be sold to break even?",81 units,63 units,112 units,286 units
28,1,2026-09-02T22:00:21Z,2026-09-02T23:05:21Z,q0319,Region A had 171 orders averaging $24.00; region B had 16 orders averaging $70.00. What is the overall average order value?,66.06,27.94,47.00,30.55
28,2,2026-09-02T22:00:21Z,2026-09-02T23:05:21Z,q0608,A retailer sells 384 units at $53.57 each. What is total revenue?,"$21,106.58","$20,035.18","$20,954.88","$20,570.88"
28,3,2026-09-02T22:00:21Z,2026-09-02T23:05:21Z,q0923,"Fixed costs are $67,500.00. Each unit sells for $195.00 with a variable cost of $103.00. How many units must be sold to break even?",227 units,734 units,655 units,346 units
28,4,2026-09-02T22:00:21Z,2026-09-02T23:05:21Z,q1097,"An investment of $25,000.00 grows at 11% compounded annually. What is its value after 4 years?","$11,000.00","$37,951.76","$34,190.78","$36,000.00"
28,5,2026-09-02T22:00:21Z,2026-09-02T23:05:21Z,q0191,"A $1,170.00 marketing budget is split between two channels in the ratio 4:8. What does the first channel receive?",$390.00,$780.00,$97.50,$585.00
29,1,2026-09-02T23:00:21Z,2026-09-03T00:05:21Z,q0683,An item listed at $463.46 is discounted by 35%. What is the sale price?,$301.25,$428.46,$625.67,$162.21
29,2,2026-09-02T23:00:21Z,2026-09-03T00:05:21Z,q0061,A retailer sells 549 units at $72.08 each. What is total revenue?,"$40,292.72","$38,851.12","$39,571.92","$40,120.92"
29,3,2026-09-02T23:00:21Z,2026-09-03T00:05:21Z,q0618,"A $8,340.00 marketing budget is split between two channels in the ratio 2:4. What does the first channel receive?","$2,780.00","$4,170.00","$5,560.00","$1,390.00"
29,4,2026-09-02T23:00:21Z,2026-09-03T00:05:21Z,q1595,A contract signed on 25 July 2026 has a 148-day settlement period. On what date does it settle?,20 December 2026,19 January 2027,13 December 2026,21 December 2026
29,5,2026-09-02T23:00:21Z,2026-09-03T00:05:21Z,q0917,"A support queue holds 16 billing tickets, 25 technical tickets and 13 account tickets. If one is drawn at random, what is the probability it is a billing ticket?",42.1%,75.9%,29.6%,46.3%
30,1,2026-09-03T00:00:25Z,2026-09-03T01:05:25Z,q1234,A retailer sells 530 units at $75.81 each. What is total revenue?,"$40,709.30","$40,937.40","$39,421.20","$40,179.30"
30,2,2026-09-03T00:00:25Z,2026-09-03T01:05:25Z,q1110,"Fixed costs are $53,000.00. Each unit sells for $30.00 with a variable cost of $12.00. How many units must be sold to break even?","1,262 units","4,417 units","2,944 units","1,767 units"
30,3,2026-09-03T00:00:25Z,2026-09-03T01:05:25Z,q0012,"A support queue holds 21 billing tickets, 9 technical tickets and 11 account tickets. If one is drawn at random, what is the probability it is a billing ticket?",51.2%,73.2%,105.0%,22.0%
30,4,2026-09-03T00:00:25Z,2026-09-03T01:05:25Z,q0670,"A product line generates $23,250.00 in revenue against $14,871.64 in cost of goods sold. What is the gross margin?",22.0%,64.0%,36.0%,56.3%
30,5,2026-09-03T00:00:25Z,2026-09-03T01:05:25Z,q0182,"Quarterly revenue moved from $3,400.00 to $2,460.00. What is the percentage change?",-27.6%,27.6%,-38.2%,72.4%
31,1,2026-09-03T01:02:08Z,2026-09-03T02:07:08Z,q1440,"A monthly headcount series runs 34, 39, 44, 49, 54. If the pattern continues, what is the next value?",69,59,54,64
31,2,2026-09-03T01:02:08Z,2026-09-03T02:07:08Z,q1026,An item listed at $51.48 is discounted by 45%. What is the sale price?,$74.65,$28.31,$23.17,$6.48
31,3,2026-09-03T01:02:08Z,2026-09-03T02:07:08Z,q0887,"Fixed costs are $30,000.00. Each unit sells for $198.00 with a variable cost of $47.00. How many units must be sold to break even?",152 units,199 units,638 units,122 units
31,4,2026-09-03T01:02:08Z,2026-09-03T02:07:08Z,q0933,An item listed at $466.06 is discounted by 10%. What is the sale price?,$456.06,$46.61,$512.67,$419.45
31,5,2026-09-03T01:02:08Z,2026-09-03T02:07:08Z,q1360,"A support queue holds 24 billing tickets, 15 technical tickets and 8 account tickets. If one is drawn at random, what is the probability it is a billing ticket?",83.0%,51.1%,31.9%,104.3%
32,1,2026-09-03T02:00:23Z,2026-09-03T03:05:23Z,q0451,A contract signed on 12 November 2026 has a 231-day settlement period. On what date does it settle?,24 June 2027,31 July 2027,1 July 2027,2 July 2027
32,2,2026-09-03T02:00:23Z,2026-09-03T03:05:23Z,q0602,An invoice for $461.97 is settled at an exchange rate of 1.4564. What is the converted amount?,317.20,672.81,626.62,719.01
32,3,2026-09-03T02:00:23Z,2026-09-03T03:05:23Z,q1180,"Fixed costs are $45,000.00. Each unit sells for $118.00 with a variable cost of $60.00. How many units must be sold to break even?",253 units,776 units,750 units,381 units
32,4,2026-09-03T02:00:23Z,2026-09-03T03:05:23Z,q1071,"Quarterly revenue moved from $3,350.00 to $2,902.00. What is the percentage change?",-15.4%,-13.4%,13.4%,86.6%
32,5,2026-09-03T02:00:23Z,2026-09-03T03:05:23Z,q0535,"A support queue holds 4 billing tickets, 18 technical tickets and 14 account tickets. If one is drawn at random, what is the probability it is a billing ticket?",50.0%,12.5%,11.1%,61.1%
33,1,2026-09-03T03:00:23Z,2026-09-03T04:05:23Z,q0912,"An invoice for $1,705.11 is settled at an exchange rate of 1.0406. What is the converted amount?","1,603.83","1,774.34","1,638.58","1,944.85"
33,2,2026-09-03T03:00:23Z,2026-09-03T04:05:23Z,q1534,"A monthly headcount series runs 35, 47, 59, 71, 83. If the pattern continues, what is the next value?",107,83,119,95
33,3,2026-09-03T03:00:23Z,2026-09-03T04:05:23Z,q1493,"A product line generates $88,500.00 in revenue against $71,665.88 in cost of goods sold. What is the gross margin?",19.0%,81.0%,10.5%,23.5%
33,4,2026-09-03T03:00:23Z,2026-09-03T04:05:23Z,q1005,"Fixed costs are $59,500.00. Each unit sells for $148.00 with a variable cost of $61.00. How many units must be sold to break even?",684 units,975 units,285 units,402 units
33,5,2026-09-03T03:00:23Z,2026-09-03T04:05:23Z,q1453,"A $1,320.00 marketing budget is split between two channels in the ratio 3:5. What does the first channel receive?",$825.00,$792.00,$165.00,$495.00
34,1,2026-09-03T04:00:29Z,2026-09-03T05:05:29Z,q0955,"A product line generates $61,750.00 in revenue against $41,783.92 in cost of goods sold. What is the gross margin?",32.3%,19.3%,67.7%,47.8%
34,2,2026-09-03T04:00:29Z,2026-09-03T05:05:29Z,q1296,"An investment of $36,500.00 grows at 8% compounded annually. What is its value after 5 years?","$49,657.85","$14,600.00","$53,630.47","$51,100.00"
34,3,2026-09-03T04:00:29Z,2026-09-03T05:05:29Z,q1592,"An invoice for $3,273.10 is settled at an exchange rate of 1.6345. What is the converted amount?","5,677.19","2,002.51","5,022.57","5,349.88"
34,4,2026-09-03T04:00:29Z,2026-09-03T05:05:29Z,q1588,"A product line generates $42,750.00 in revenue against $35,004.20 in cost of goods sold. What is the gross margin?",81.9%,10.0%,18.1%,22.1%
34,5,2026-09-03T04:00:29Z,2026-09-03T05:05:29Z,q0919,"Quarterly revenue moved from $1,450.00 to $1,026.00. What is the percentage change?",-41.3%,-29.2%,29.2%,70.8%
35,1,2026-09-03T05:00:24Z,2026-09-03T06:05:24Z,q0489,"A support queue holds 12 billing tickets, 3 technical tickets and 13 account tickets. If one is drawn at random, what is the probability it is a billing ticket?",75.0%,42.9%,10.7%,53.6%
35,2,2026-09-03T05:00:24Z,2026-09-03T06:05:24Z,q0310,"A $6,930.00 marketing budget is split between two channels in the ratio 2:3. What does the first channel receive?","$4,620.00","$4,158.00","$1,386.00","$2,772.00"
35,3,2026-09-03T05:00:24Z,2026-09-03T06:05:24Z,q1593,Region A had 42 orders averaging $76.00; region B had 136 orders averaging $21.00. What is the overall average order value?,48.50,63.02,33.98,44.47
35,4,2026-09-03T05:00:24Z,2026-09-03T06:05:24Z,q1498,Region A had 84 orders averaging $77.00; region B had 117 orders averaging $33.00. What is the overall average order value?,55.00,51.39,58.61,88.28
35,5,2026-09-03T05:00:24Z,2026-09-03T06:05:24Z,q0106,A contract signed on 25 May 2026 has a 154-day settlement period. On what date does it settle?,26 October 2026,27 October 2026,25 November 2026,19 October 2026
36,1,2026-09-03T06:00:24Z,2026-09-03T07:05:24Z,q0478,A retailer sells 887 units at $44.14 each. What is total revenue?,"$39,152.18","$39,593.58","$38,710.78","$40,039.18"
36,2,2026-09-03T06:00:24Z,2026-09-03T07:05:24Z,q0088,An item listed at $198.14 is discounted by 40%. What is the sale price?,$79.26,$118.88,$277.40,$158.14
36,3,2026-09-03T06:00:24Z,2026-09-03T07:05:24Z,q0660,"An investment of $47,500.00 grows at 9% compounded annually. What is its value after 2 years?","$51,775.00","$8,550.00","$56,434.75","$56,050.00"
36,4,2026-09-03T06:00:24Z,2026-09-03T07:05:24Z,q0243,"A product line generates $24,750.00 in revenue against $14,886.85 in cost of goods sold. What is the gross margin?",66.3%,24.9%,39.9%,60.1%
36,5,2026-09-03T06:00:24Z,2026-09-03T07:05:24Z,q0926,"A monthly headcount series runs 18, 26, 34, 42, 50. If the pattern continues, what is the next value?",58,50,74,66
37,1,2026-09-03T07:00:27Z,2026-09-03T08:05:27Z,q1034,A retailer sells 903 units at $6.06 each. What is total revenue?,"$5,472.18","$5,532.78","$6,375.18","$5,411.58"
37,2,2026-09-03T07:00:27Z,2026-09-03T08:05:27Z,q0601,"Fixed costs are $69,500.00. Each unit sells for $191.00 with a variable cost of $94.00. How many units must be sold to break even?",716 units,364 units,244 units,739 units
37,3,2026-09-03T07:00:27Z,2026-09-03T08:05:27Z,q0406,A retailer sells 979 units at $15.42 each. What is total revenue?,"$15,096.18","$15,250.38","$14,941.98","$16,075.18"
37,4,2026-09-03T07:00:27Z,2026-09-03T08:05:27Z,q0238,A contract signed on 14 November 2026 has a 341-day settlement period. On what date does it settle?,21 October 2027,22 October 2027,14 October 2027,20 November 2027
37,5,2026-09-03T07:00:27Z,2026-09-03T08:05:27Z,q1086,"Fixed costs are $79,500.00. Each unit sells for $49.00 with a variable cost of $20.00. How many units must be sold to break even?","1,152 units","3,975 units","1,622 units","2,741 units"
38,1,2026-09-03T08:00:27Z,2026-09-03T09:05:27Z,q0844,"A $7,680.00 marketing budget is split between two channels in the ratio 4:3. What does the first channel receive?","$4,388.57","$3,291.43","$1,097.14","$10,240.00"
38,2,2026-09-03T08:00:27Z,2026-09-03T09:05:27Z,q0512,"A $8,760.00 marketing budget is split between two channels in the ratio 2:6. What does the first channel receive?","$2,920.00","$2,190.00","$6,570.00","$1,095.00"
38,3,2026-09-03T08:00:27Z,2026-09-03T09:05:27Z,q0991,"A product line generates $58,250.00 in revenue against $43,042.27 in cost of goods sold. What is the gross margin?",15.0%,73.9%,26.1%,35.3%
38,4,2026-09-03T08:00:27Z,2026-09-03T09:05:27Z,q1127,"A $1,110.00 marketing budget is split between two channels in the ratio 4:5. What does the first channel receive?",$888.00,$493.33,$616.67,$123.33
38,5,2026-09-03T08:00:27Z,2026-09-03T09:05:27Z,q0492,"A product line generates $6,000.00 in revenue against $3,485.21 in cost of goods sold. What is the gross margin?",26.5%,41.9%,72.2%,58.1%
39,1,2026-09-03T09:00:26Z,2026-09-03T10:05:26Z,q0287,"A support queue holds 10 billing tickets, 14 technical tickets and 9 account tickets. If one is drawn at random, what is the probability it is a billing ticket?",43.5%,30.3%,72.7%,42.4%
39,2,2026-09-03T09:00:26Z,2026-09-03T10:05:26Z,q1447,An item listed at $250.30 is discounted by 40%. What is the sale price?,$350.42,$210.30,$150.18,$100.12
39,3,2026-09-03T09:00:26Z,2026-09-03T10:05:26Z,q0563,An item listed at $729.17 is discounted by 5%. What is the sale price?,$765.63,$36.46,$692.71,$724.17
39,4,2026-09-03T09:00:26Z,2026-09-03T10:05:26Z,q0025,A retailer sells 894 units at $21.65 each. What is total revenue?,"$19,571.60","$19,355.10","$20,249.10","$19,138.60"
39,5,2026-09-03T09:00:26Z,2026-09-03T10:05:26Z,q0002,"Quarterly revenue moved from $1,000.00 to $799.00. What is the percentage change?",79.9%,-20.1%,20.1%,-25.2%
40,1,2026-09-03T10:00:22Z,2026-09-03T11:05:22Z,q1285,"Fixed costs are $13,500.00. Each unit sells for $161.00 with a variable cost of $84.00. How many units must be sold to break even?",175 units,84 units,55 units,161 units
40,2,2026-09-03T10:00:22Z,2026-09-03T11:05:22Z,q0510,"A monthly headcount series runs 4, 9, 14, 19, 24. If the pattern continues, what is the next value?",29,39,34,24
40,3,2026-09-03T10:00:22Z,2026-09-03T11:05:22Z,q0135,"A product line generates $5,750.00 in revenue against $3,955.52 in cost of goods sold. What is the gross margin?",68.8%,18.5%,45.4%,31.2%
40,4,2026-09-03T10:00:22Z,2026-09-03T11:05:22Z,q0218,"Quarterly revenue moved from $4,750.00 to $6,633.00. What is the percentage change?",28.4%,39.6%,-39.6%,139.6%
40,5,2026-09-03T10:00:22Z,2026-09-03T11:05:22Z,q1247,"Quarterly revenue moved from $3,500.00 to $4,860.00. What is the percentage change?",28.0%,138.9%,-38.9%,38.9%
41,1,2026-09-03T11:00:24Z,2026-09-03T12:05:24Z,q1623,"Quarterly revenue moved from $4,350.00 to $3,838.00. What is the percentage change?",-11.8%,-13.3%,11.8%,88.2%
41,2,2026-09-03T11:00:24Z,2026-09-03T12:05:24Z,q0459,"Fixed costs are $18,000.00. Each unit sells for $150.00 with a variable cost of $66.00. How many units must be sold to break even?",273 units,120 units,214 units,83 units
41,3,2026-09-03T11:00:24Z,2026-09-03T12:05:24Z,q1603,"Fixed costs are $9,500.00. Each unit sells for $78.00 with a variable cost of $20.00. How many units must be sold to break even?",475 units,97 units,122 units,164 units
41,4,2026-09-03T11:00:24Z,2026-09-03T12:05:24Z,q0084,"A support queue holds 21 billing tickets, 13 technical tickets and 9 account tickets. If one is drawn at random, what is the probability it is a billing ticket?",79.1%,95.5%,48.8%,30.2%
41,5,2026-09-03T11:00:24Z,2026-09-03T12:05:24Z,q1602,"An investment of $29,000.00 grows at 10% compounded annually. What is its value after 5 years?","$14,500.00","$46,704.79","$43,500.00","$42,458.90"
42,1,2026-09-03T12:00:32Z,2026-09-03T13:05:32Z,q1264,"An invoice for $1,978.23 is settled at an exchange rate of 0.8490. What is the converted amount?","2,330.07","1,679.52","1,877.34","1,481.69"
42,2,2026-09-03T12:00:32Z,2026-09-03T13:05:32Z,q0220,An item listed at $742.87 is discounted by 25%. What is the sale price?,$717.87,$928.59,$185.72,$557.15
42,3,2026-09-03T12:00:32Z,2026-09-03T13:05:32Z,q1084,An item listed at $181.61 is discounted by 25%. What is the sale price?,$136.21,$227.01,$45.40,$156.61
42,4,2026-09-03T12:00:32Z,2026-09-03T13:05:32Z,q1470,An item listed at $734.19 is discounted by 15%. What is the sale price?,$844.32,$110.13,$719.19,$624.06
42,5,2026-09-03T12:00:32Z,2026-09-03T13:05:32Z,q0905,"A support queue holds 19 billing tickets, 4 technical tickets and 15 account tickets. If one is drawn at random, what is the probability it is a billing ticket?",60.5%,50.0%,10.5%,100.0%
43,1,2026-09-03T13:00:33Z,2026-09-03T14:05:33Z,q0870,A retailer sells 796 units at $61.15 each. What is total revenue?,"$48,063.90","$49,471.40","$48,675.40","$49,286.90"
43,2,2026-09-03T13:00:33Z,2026-09-03T14:05:33Z,q0497,Region A had 185 orders averaging $51.00; region B had 123 orders averaging $21.00. What is the overall average order value?,64.96,39.02,32.98,36.00
43,3,2026-09-03T13:00:33Z,2026-09-03T14:05:33Z,q0404,"A $8,040.00 marketing budget is split between two channels in the ratio 3:4. What does the first channel receive?","$1,148.57","$3,445.71","$4,594.29","$6,030.00"
43,4,2026-09-03T13:00:33Z,2026-09-03T14:05:33Z,q1035,"Quarterly revenue moved from $1,250.00 to $757.00. What is the percentage change?",39.4%,60.6%,-65.1%,-39.4%
43,5,2026-09-03T13:00:33Z,2026-09-03T14:05:33Z,q0532,Region A had 38 orders averaging $86.00; region B had 62 orders averaging $70.00. What is the overall average order value?,79.92,76.08,78.00,122.71
44,1,2026-09-03T14:00:34Z,2026-09-03T15:05:34Z,q1393,A contract signed on 3 January 2026 has a 316-day settlement period. On what date does it settle?,16 November 2026,15 December 2026,15 November 2026,8 November 2026
44,2,2026-09-03T14:00:34Z,2026-09-03T15:05:34Z,q0560,A retailer sells 877 units at $24.59 each. What is total revenue?,"$21,811.33","$22,442.43","$21,319.53","$21,565.43"
44,3,2026-09-03T14:00:34Z,2026-09-03T15:05:34Z,q0334,"A $7,620.00 marketing budget is split between two channels in the ratio 4:2. What does the first channel receive?","$1,270.00","$2,540.00","$15,240.00","$5,080.00"
44,4,2026-09-03T14:00:34Z,2026-09-03T15:05:34Z,q0816,"An invoice for $5,374.81 is settled at an exchange rate of 1.0093. What is the converted amount?","5,962.28","5,325.28","5,424.80","4,887.31"
44,5,2026-09-03T14:00:34Z,2026-09-03T15:05:34Z,q0799,"Quarterly revenue moved from $4,400.00 to $2,900.00. What is the percentage change?",-34.1%,-51.7%,34.1%,65.9%
45,1,2026-09-03T15:00:24Z,2026-09-03T16:05:24Z,q0757,"An invoice for $6,109.20 is settled at an exchange rate of 1.8086. What is the converted amount?","3,377.86","10,438.18","11,660.02","11,049.10"
45,2,2026-09-03T15:00:24Z,2026-09-03T16:05:24Z,q0379,"A monthly headcount series runs 32, 48, 64, 80, 96. If the pattern continues, what is the next value?",144,112,96,128
45,3,2026-09-03T15:00:24Z,2026-09-03T16:05:24Z,q0607,"A support queue holds 5 billing tickets, 4 technical tickets and 3 account tickets. If one is drawn at random, what is the probability it is a billing ticket?",71.4%,33.3%,75.0%,41.7%
45,4,2026-09-03T15:00:24Z,2026-09-03T16:05:24Z,q0344,"A monthly headcount series runs 36, 40, 44, 48, 52. If the pattern continues, what is the next value?",52,64,60,56
45,5,2026-09-03T15:00:24Z,2026-09-03T16:05:24Z,q0269,"An investment of $28,000.00 grows at 12% compounded annually. What is its value after 2 years?","$31,360.00","$34,720.00","$6,720.00","$35,123.20"
46,1,2026-09-03T16:00:23Z,2026-09-03T17:05:23Z,q0967,"A product line generates $38,000.00 in revenue against $18,048.43 in cost of goods sold. What is the gross margin?",47.5%,110.5%,52.5%,35.6%
46,2,2026-09-03T16:00:23Z,2026-09-03T17:05:23Z,q1652,"An invoice for $7,977.36 is settled at an exchange rate of 0.6132. What is the converted amount?","5,689.45","13,009.39","4,891.72","4,093.98"
46,3,2026-09-03T16:00:23Z,2026-09-03T17:05:23Z,q0487,A contract signed on 28 September 2026 has a 27-day settlement period. On what date does it settle?,26 October 2026,24 November 2026,18 October 2026,25 October 2026
46,4,2026-09-03T16:00:23Z,2026-09-03T17:05:23Z,q0192,"A support queue holds 24 billing tickets, 11 technical tickets and 9 account tickets. If one is drawn at random, what is the probability it is a billing ticket?",120.0%,79.5%,25.0%,54.5%
46,5,2026-09-03T16:00:23Z,2026-09-03T17:05:23Z,q0247,An invoice for $501.76 is settled at an exchange rate of 1.4974. What is the converted amount?,751.34,801.51,701.16,335.09
47,1,2026-09-03T17:00:31Z,2026-09-03T18:05:31Z,q1254,"A monthly headcount series runs 24, 40, 56, 72, 88. If the pattern continues, what is the next value?",120,136,88,104
47,2,2026-09-03T17:00:31Z,2026-09-03T18:05:31Z,q1179,"An investment of $32,000.00 grows at 7% compounded annually. What is its value after 3 years?","$6,720.00","$36,636.80","$38,720.00","$39,201.38"
47,3,2026-09-03T17:00:31Z,2026-09-03T18:05:31Z,q1003,An item listed at $147.91 is discounted by 40%. What is the sale price?,$207.07,$59.16,$88.75,$107.91
47,4,2026-09-03T17:00:31Z,2026-09-03T18:05:31Z,q1203,"Fixed costs are $9,500.00. Each unit sells for $181.00 with a variable cost of $55.00. How many units must be sold to break even?",52 units,75 units,173 units,40 units
47,5,2026-09-03T17:00:31Z,2026-09-03T18:05:31Z,q1390,"An invoice for $3,667.10 is settled at an exchange rate of 0.7609. What is the converted amount?","4,819.42","2,790.30","3,157.01","2,423.59"
48,1,2026-09-03T18:00:33Z,2026-09-03T19:05:33Z,q1520,"Fixed costs are $8,000.00. Each unit sells for $100.00 with a variable cost of $70.00. How many units must be sold to break even?",80 units,267 units,114 units,47 units
48,2,2026-09-03T18:00:33Z,2026-09-03T19:05:33Z,q0977,A retailer sells 668 units at $8.11 each. What is total revenue?,"$5,498.58","$6,085.48","$5,336.38","$5,417.48"
48,3,2026-09-03T18:00:33Z,2026-09-03T19:05:33Z,q0546,"A $6,570.00 marketing budget is split between two channels in the ratio 3:2. What does the first channel receive?","$2,628.00","$3,942.00","$1,314.00","$9,855.00"
48,4,2026-09-03T18:00:33Z,2026-09-03T19:05:33Z,q1553,An item listed at $247.88 is discounted by 25%. What is the sale price?,$222.88,$185.91,$309.85,$61.97
48,5,2026-09-03T18:00:33Z,2026-09-03T19:05:33Z,q1368,Region A had 156 orders averaging $88.00; region B had 20 orders averaging $33.00. What is the overall average order value?,60.50,39.25,92.23,81.75
49,1,2026-09-03T19:00:29Z,2026-09-03T20:05:29Z,q0303,An item listed at $280.35 is discounted by 5%. What is the sale price?,$266.33,$14.02,$275.35,$294.37
49,2,2026-09-03T19:00:29Z,2026-09-03T20:05:29Z,q0231,"A product line generates $11,250.00 in revenue against $7,126.50 in cost of goods sold. What is the gross margin?",22.4%,57.9%,63.3%,36.7%
49,3,2026-09-03T19:00:29Z,2026-09-03T20:05:29Z,q0648,"An investment of $15,500.00 grows at 6% compounded annually. What is its value after 3 years?","$18,460.75","$18,290.00","$17,415.80","$2,790.00"
49,4,2026-09-03T19:00:29Z,2026-09-03T20:05:29Z,q0522,A contract signed on 7 November 2026 has a 129-day settlement period. On what date does it settle?,17 March 2027,9 March 2027,15 April 2027,16 March 2027
49,5,2026-09-03T19:00:29Z,2026-09-03T20:05:29Z,q1355,"Fixed costs are $8,500.00. Each unit sells for $66.00 with a variable cost of $16.00. How many units must be sold to break even?",104 units,531 units,170 units,129 units
50,1,2026-09-03T20:00:25Z,2026-09-03T21:05:25Z,q0939,A contract signed on 21 October 2026 has a 100-day settlement period. On what date does it settle?,28 February 2027,30 January 2027,22 January 2027,29 January 2027
50,2,2026-09-03T20:00:25Z,2026-09-03T21:05:25Z,q1038,"An investment of $42,000.00 grows at 4% compounded annually. What is its value after 7 years?","$53,760.00","$53,143.40","$55,269.13","$11,760.00"
50,3,2026-09-03T20:00:25Z,2026-09-03T21:05:25Z,q1599,"Quarterly revenue moved from $1,300.00 to $1,853.00. What is the percentage change?",-42.5%,142.5%,29.8%,42.5%
50,4,2026-09-03T20:00:25Z,2026-09-03T21:05:25Z,q0198,"Fixed costs are $7,000.00. Each unit sells for $189.00 with a variable cost of $116.00. How many units must be sold to break even?",37 units,23 units,60 units,96 units
50,5,2026-09-03T20:00:25Z,2026-09-03T21:05:25Z,q1210,A retailer sells 744 units at $15.02 each. What is total revenue?,"$11,325.08","$11,918.88","$11,174.88","$11,024.68"
51,1,2026-09-03T21:00:27Z,2026-09-03T22:05:27Z,q1301,A contract signed on 3 June 2026 has a 353-day settlement period. On what date does it settle?,23 May 2027,21 June 2027,15 May 2027,22 May 2027
51,2,2026-09-03T21:00:27Z,2026-09-03T22:05:27Z,q1224,"A product line generates $60,500.00 in revenue against $49,515.08 in cost of goods sold. What is the gross margin?",81.8%,10.0%,22.2%,18.2%
51,3,2026-09-03T21:00:27Z,2026-09-03T22:05:27Z,q0213,"A monthly headcount series runs 10, 22, 34, 46, 58. If the pattern continues, what is the next value?",82,58,94,70
51,4,2026-09-03T21:00:27Z,2026-09-03T22:05:27Z,q1229,Region A had 22 orders averaging $57.00; region B had 193 orders averaging $65.00. What is the overall average order value?,61.00,64.18,71.50,57.82
51,5,2026-09-03T21:00:27Z,2026-09-03T22:05:27Z,q0698,Region A had 43 orders averaging $49.00; region B had 71 orders averaging $31.00. What is the overall average order value?,42.21,40.00,60.68,37.79
52,1,2026-09-03T22:00:25Z,2026-09-03T23:05:25Z,q0445,An item listed at $456.34 is discounted by 35%. What is the sale price?,$421.34,$296.62,$159.72,$616.06
52,2,2026-09-03T22:00:25Z,2026-09-03T23:05:25Z,q0175,"An invoice for $3,300.55 is settled at an exchange rate of 1.4561. What is the converted amount?","4,805.93","2,266.71","5,135.99","4,475.88"
52,3,2026-09-03T22:00:25Z,2026-09-03T23:05:25Z,q0051,"A product line generates $27,250.00 in revenue against $14,740.74 in cost of goods sold. What is the gross margin?",45.9%,84.9%,54.1%,29.8%
52,4,2026-09-03T22:00:25Z,2026-09-03T23:05:25Z,q1404,"A monthly headcount series runs 19, 34, 49, 64, 79. If the pattern continues, what is the next value?",124,94,109,79
52,5,2026-09-03T22:00:25Z,2026-09-03T23:05:25Z,q0270,"Fixed costs are $49,500.00. Each unit sells for $174.00 with a variable cost of $77.00. How many units must be sold to break even?",197 units,284 units,510 units,643 units
53,1,2026-09-03T23:00:25Z,2026-09-04T00:05:25Z,q1454,"A support queue holds 4 billing tickets, 16 technical tickets and 8 account tickets. If one is drawn at random, what is the probability it is a billing ticket?",14.3%,16.7%,57.1%,71.4%
53,2,2026-09-03T23:00:25Z,2026-09-04T00:05:25Z,q0625,"Fixed costs are $14,500.00. Each unit sells for $47.00 with a variable cost of $23.00. How many units must be sold to break even?",207 units,604 units,309 units,630 units
53,3,2026-09-03T23:00:25Z,2026-09-04T00:05:25Z,q0399,"Fixed costs are $11,000.00. Each unit sells for $182.00 with a variable cost of $65.00. How many units must be sold to break even?",60 units,45 units,94 units,169 units
53,4,2026-09-03T23:00:25Z,2026-09-04T00:05:25Z,q0136,An item listed at $634.94 is discounted by 30%. What is the sale price?,$825.42,$604.94,$190.48,$444.46
53,5,2026-09-03T23:00:25Z,2026-09-04T00:05:25Z,q0708,"Fixed costs are $33,500.00. Each unit sells for $147.00 with a variable cost of $78.00. How many units must be sold to break even?",228 units,149 units,429 units,486 units
54,1,2026-09-04T00:00:24Z,2026-09-04T01:05:24Z,q1661,An item listed at $646.10 is discounted by 20%. What is the sale price?,$129.22,$626.10,$516.88,$775.32
54,2,2026-09-04T00:00:24Z,2026-09-04T01:05:24Z,q0798,A retailer sells 285 units at $86.49 each. What is total revenue?,"$24,934.65","$25,514.55","$23,784.75","$24,649.65"
54,3,2026-09-04T00:00:24Z,2026-09-04T01:05:24Z,q0831,A contract signed on 15 September 2026 has a 69-day settlement period. On what date does it settle?,24 November 2026,23 November 2026,23 December 2026,16 November 2026
54,4,2026-09-04T00:00:24Z,2026-09-04T01:05:24Z,q1328,"A product line generates $25,000.00 in revenue against $11,517.14 in cost of goods sold. What is the gross margin?",36.9%,117.1%,46.1%,53.9%
54,5,2026-09-04T00:00:24Z,2026-09-04T01:05:24Z,q0017,"An investment of $22,500.00 grows at 8% compounded annually. What is its value after 5 years?","$9,000.00","$30,611.00","$31,500.00","$33,059.88"
55,1,2026-09-04T01:00:28Z,2026-09-04T02:05:28Z,q0073,A retailer sells 319 units at $59.70 each. What is total revenue?,"$18,447.30","$19,363.30","$19,044.30","$19,641.30"
55,2,2026-09-04T01:00:28Z,2026-09-04T02:05:28Z,q1165,"A product line generates $69,000.00 in revenue against $57,030.63 in cost of goods sold. What is the gross margin?",21.0%,9.5%,17.3%,82.7%
55,3,2026-09-04T01:00:28Z,2026-09-04T02:05:28Z,q1030,Region A had 106 orders averaging $32.00; region B had 110 orders averaging $26.00. What is the overall average order value?,29.06,56.84,29.00,28.94
55,4,2026-09-04T01:00:28Z,2026-09-04T02:05:28Z,q0196,An item listed at $816.59 is discounted by 15%. What is the sale price?,$801.59,$939.08,$694.10,$122.49
55,5,2026-09-04T01:00:28Z,2026-09-04T02:05:28Z,q1209,"A support queue holds 10 billing tickets, 3 technical tickets and 11 account tickets. If one is drawn at random, what is the probability it is a billing ticket?",71.4%,54.2%,41.7%,12.5%
56,1,2026-09-04T02:00:25Z,2026-09-04T03:05:25Z,q0534,"A $7,470.00 marketing budget is split between two channels in the ratio 2:4. What does the first channel receive?","$3,735.00","$2,490.00","$1,245.00","$4,980.00"
56,2,2026-09-04T02:00:25Z,2026-09-04T03:05:25Z,q0797,"A support queue holds 22 billing tickets, 12 technical tickets and 9 account tickets. If one is drawn at random, what is the probability it is a billing ticket?",51.2%,79.1%,104.8%,27.9%
56,3,2026-09-04T02:00:25Z,2026-09-04T03:05:25Z,q0949,Region A had 105 orders averaging $80.00; region B had 37 orders averaging $48.00. What is the overall average order value?,64.00,71.66,96.91,56.34
56,4,2026-09-04T02:00:25Z,2026-09-04T03:05:25Z,q0468,"A product line generates $41,000.00 in revenue against $37,417.03 in cost of goods sold. What is the gross margin?",91.3%,8.7%,9.6%,4.6%
56,5,2026-09-04T02:00:25Z,2026-09-04T03:05:25Z,q1080,"A support queue holds 9 billing tickets, 15 technical tickets and 3 account tickets. If one is drawn at random, what is the probability it is a billing ticket?",33.3%,88.9%,50.0%,55.6%
57,1,2026-09-04T03:01:31Z,2026-09-04T04:06:31Z,q0676,"A monthly headcount series runs 10, 26, 42, 58, 74. If the pattern continues, what is the next value?",74,122,90,106
57,2,2026-09-04T03:01:31Z,2026-09-04T04:06:31Z,q1218,"A monthly headcount series runs 33, 44, 55, 66, 77. If the pattern continues, what is the next value?",99,77,110,88
57,3,2026-09-04T03:01:31Z,2026-09-04T04:06:31Z,q1564,"A product line generates $24,750.00 in revenue against $18,073.09 in cost of goods sold. What is the gross margin?",15.6%,27.0%,73.0%,36.9%
57,4,2026-09-04T03:01:31Z,2026-09-04T04:06:31Z,q0961,"A monthly headcount series runs 33, 37, 41, 45, 49. If the pattern continues, what is the next value?",49,57,61,53
57,5,2026-09-04T03:01:31Z,2026-09-04T04:06:31Z,q1183,A contract signed on 2 March 2026 has a 19-day settlement period. On what date does it settle?,21 March 2026,22 March 2026,14 March 2026,20 April 2026
58,1,2026-09-04T04:00:22Z,2026-09-04T05:05:22Z,q0916,A $600.00 marketing budget is split between two channels in the ratio 2:8. What does the first channel receive?,$150.00,$60.00,$120.00,$480.00
58,2,2026-09-04T04:00:22Z,2026-09-04T05:05:22Z,q0276,"A support queue holds 17 billing tickets, 15 technical tickets and 6 account tickets. If one is drawn at random, what is the probability it is a billing ticket?",81.0%,44.7%,39.5%,84.2%
58,3,2026-09-04T04:00:22Z,2026-09-04T05:05:22Z,q0132,"A support queue holds 14 billing tickets, 24 technical tickets and 4 account tickets. If one is drawn at random, what is the probability it is a billing ticket?",33.3%,57.1%,90.5%,50.0%
58,4,2026-09-04T04:00:22Z,2026-09-04T05:05:22Z,q1496,"Fixed costs are $12,000.00. Each unit sells for $146.00 with a variable cost of $125.00. How many units must be sold to break even?",82 units,96 units,44 units,571 units
58,5,2026-09-04T04:00:22Z,2026-09-04T05:05:22Z,q0840,"An invoice for $2,887.10 is settled at an exchange rate of 0.9176. What is the converted amount?","2,649.20","3,146.36","2,937.91","2,360.49"
59,1,2026-09-04T05:00:25Z,2026-09-04T06:05:25Z,q0076,An item listed at $101.94 is discounted by 10%. What is the sale price?,$10.19,$112.13,$91.94,$91.75
59,2,2026-09-04T05:00:25Z,2026-09-04T06:05:25Z,q0993,"An investment of $40,000.00 grows at 2% compounded annually. What is its value after 3 years?","$41,616.00","$2,400.00","$42,400.00","$42,448.32"
59,3,2026-09-04T05:00:25Z,2026-09-04T06:05:25Z,q0083,"A $6,480.00 marketing budget is split between two channels in the ratio 3:2. What does the first channel receive?","$2,592.00","$9,720.00","$3,888.00","$1,296.00"
59,4,2026-09-04T05:00:25Z,2026-09-04T06:05:25Z,q1159,Region A had 37 orders averaging $93.00; region B had 84 orders averaging $91.00. What is the overall average order value?,92.00,131.96,91.61,92.39
59,5,2026-09-04T05:00:25Z,2026-09-04T06:05:25Z,q1403,Region A had 163 orders averaging $24.00; region B had 159 orders averaging $85.00. What is the overall average order value?,54.12,54.88,106.91,54.50
60,1,2026-09-04T06:00:24Z,2026-09-04T07:05:24Z,q0595,"A support queue holds 8 billing tickets, 19 technical tickets and 7 account tickets. If one is drawn at random, what is the probability it is a billing ticket?",23.5%,55.9%,79.4%,30.8%
60,2,2026-09-04T06:00:24Z,2026-09-04T07:05:24Z,q0477,"A support queue holds 13 billing tickets, 17 technical tickets and 12 account tickets. If one is drawn at random, what is the probability it is a billing ticket?",31.0%,40.5%,71.4%,44.8%
60,3,2026-09-04T06:00:24Z,2026-09-04T07:05:24Z,q0549,Quarterly revenue moved from $600.00 to $719.00. What is the percentage change?,16.6%,-19.8%,19.8%,119.8%
60,4,2026-09-04T06:00:24Z,2026-09-04T07:05:24Z,q1337,"A support queue holds 21 billing tickets, 6 technical tickets and 13 account tickets. If one is drawn at random, what is the probability it is a billing ticket?",52.5%,15.0%,110.5%,67.5%
60,5,2026-09-04T06:00:24Z,2026-09-04T07:05:24Z,q1002,"A product line generates $21,000.00 in revenue against $19,005.93 in cost of goods sold. What is the gross margin?",10.5%,5.0%,9.5%,90.5%
61,1,2026-09-04T07:00:27Z,2026-09-04T08:05:27Z,q0428,A $840.00 marketing budget is split between two channels in the ratio 2:3. What does the first channel receive?,$168.00,$336.00,$560.00,$504.00
61,2,2026-09-04T07:00:27Z,2026-09-04T08:05:27Z,q0627,Region A had 170 orders averaging $37.00; region B had 91 orders averaging $68.00. What is the overall average order value?,73.40,52.50,47.81,57.19
61,3,2026-09-04T07:00:27Z,2026-09-04T08:05:27Z,q0143,"A $8,400.00 marketing budget is split between two channels in the ratio 3:4. What does the first channel receive?","$1,200.00","$6,300.00","$4,800.00","$3,600.00"
61,4,2026-09-04T07:00:27Z,2026-09-04T08:05:27Z,q0050,"Quarterly revenue moved from $2,100.00 to $2,635.00. What is the percentage change?",125.5%,20.3%,-25.5%,25.5%
61,5,2026-09-04T07:00:27Z,2026-09-04T08:05:27Z,q0913,Region A had 165 orders averaging $94.00; region B had 27 orders averaging $26.00. What is the overall average order value?,84.44,35.56,98.25,60.00
62,1,2026-09-04T08:00:36Z,2026-09-04T09:05:36Z,q1400,"An investment of $28,000.00 grows at 3% compounded annually. What is its value after 6 years?","$5,040.00","$33,040.00","$33,433.46","$32,459.67"
62,2,2026-09-04T08:00:36Z,2026-09-04T09:05:36Z,q1679,"A $7,080.00 marketing budget is split between two channels in the ratio 4:2. What does the first channel receive?","$2,360.00","$4,720.00","$1,180.00","$14,160.00"
62,3,2026-09-04T08:00:36Z,2026-09-04T09:05:36Z,q0774,A retailer sells 366 units at $32.91 each. What is total revenue?,"$12,411.06","$11,715.96","$12,045.06","$12,374.16"
62,4,2026-09-04T08:00:36Z,2026-09-04T09:05:36Z,q0587,An item listed at $574.11 is discounted by 10%. What is the sale price?,$564.11,$516.70,$57.41,$631.52
62,5,2026-09-04T08:00:36Z,2026-09-04T09:05:36Z,q0589,"Fixed costs are $12,500.00. Each unit sells for $133.00 with a variable cost of $101.00. How many units must be sold to break even?",391 units,124 units,94 units,53 units
63,1,2026-09-04T09:00:24Z,2026-09-04T10:05:24Z,q1664,"An invoice for $5,689.65 is settled at an exchange rate of 1.3330. What is the converted amount?","7,584.30","4,268.30","8,153.27","7,015.34"
63,2,2026-09-04T09:00:24Z,2026-09-04T10:05:24Z,q0879,A contract signed on 10 April 2026 has a 196-day settlement period. On what date does it settle?,24 October 2026,16 October 2026,22 November 2026,23 October 2026
63,3,2026-09-04T09:00:24Z,2026-09-04T10:05:24Z,q1246,A retailer sells 394 units at $14.42 each. What is total revenue?,"$5,825.68","$5,537.28","$5,681.48","$6,075.48"
63,4,2026-09-04T09:00:24Z,2026-09-04T10:05:24Z,q1107,"A product line generates $37,750.00 in revenue against $19,085.84 in cost of goods sold. What is the gross margin?",97.8%,49.4%,32.8%,50.6%
63,5,2026-09-04T09:00:24Z,2026-09-04T10:05:24Z,q0125,"An investment of $35,000.00 grows at 13% compounded annually. What is its value after 4 years?","$53,200.00","$50,501.39","$18,200.00","$57,066.58"
64,1,2026-09-04T10:00:23Z,2026-09-04T11:05:23Z,q0377,"An invoice for $3,410.76 is settled at an exchange rate of 0.6674. What is the converted amount?","2,276.34","5,110.52","2,617.42","1,935.27"
64,2,2026-09-04T10:00:23Z,2026-09-04T11:05:23Z,q1236,"A product line generates $39,250.00 in revenue against $27,205.44 in cost of goods sold. What is the gross margin?",30.7%,44.3%,69.3%,18.1%
64,3,2026-09-04T10:00:23Z,2026-09-04T11:05:23Z,q0330,"An invoice for $4,171.48 is settled at an exchange rate of 1.3736. What is the converted amount?","5,729.94","3,036.90","5,312.80","6,147.09"
64,4,2026-09-04T10:00:23Z,2026-09-04T11:05:23Z,q0947,"Fixed costs are $20,000.00. Each unit sells for $144.00 with a variable cost of $81.00. How many units must be sold to break even?",139 units,89 units,317 units,247 units
64,5,2026-09-04T10:00:23Z,2026-09-04T11:05:23Z,q0989,A retailer sells 864 units at $7.30 each. What is total revenue?,"$6,380.20","$6,234.20","$6,307.20","$7,171.20"
65,1,2026-09-04T11:00:24Z,2026-09-04T12:05:24Z,q1007,Region A had 67 orders averaging $37.00; region B had 114 orders averaging $85.00. What is the overall average order value?,106.75,61.00,67.23,54.77
65,2,2026-09-04T11:00:24Z,2026-09-04T12:05:24Z,q0779,"Fixed costs are $33,000.00. Each unit sells for $154.00 with a variable cost of $80.00. How many units must be sold to break even?",446 units,214 units,141 units,412 units
65,3,2026-09-04T11:00:24Z,2026-09-04T12:05:24Z,q1455,A retailer sells 945 units at $77.99 each. What is total revenue?,"$74,645.55","$74,480.45","$73,700.55","$72,920.65"
65,4,2026-09-04T11:00:24Z,2026-09-04T12:05:24Z,q0107,"A $1,260.00 marketing budget is split between two channels in the ratio 6:8. What does the first channel receive?",$540.00,$945.00,$720.00,$90.00
65,5,2026-09-04T11:00:24Z,2026-09-04T12:05:24Z,q1191,"Fixed costs are $9,000.00. Each unit sells for $69.00 with a variable cost of $19.00. How many units must be sold to break even?",130 units,474 units,180 units,102 units
66,1,2026-09-04T12:00:27Z,2026-09-04T13:05:27Z,q0745,"An invoice for $7,560.59 is settled at an exchange rate of 1.0095. What is the converted amount?","8,388.47","6,876.36","7,632.42","7,489.44"
66,2,2026-09-04T12:00:27Z,2026-09-04T13:05:27Z,q0314,"A product line generates $47,500.00 in revenue against $23,572.30 in cost of goods sold. What is the gross margin?",33.7%,50.4%,49.6%,101.5%
66,3,2026-09-04T12:00:27Z,2026-09-04T13:05:27Z,q0230,Quarterly revenue moved from $450.00 to $653.00. What is the percentage change?,145.1%,45.1%,31.1%,-45.1%
66,4,2026-09-04T12:00:27Z,2026-09-04T13:05:27Z,q1474,Region A had 72 orders averaging $42.00; region B had 190 orders averaging $51.00. What is the overall average order value?,48.53,66.92,44.47,46.50
66,5,2026-09-04T12:00:27Z,2026-09-04T13:05:27Z,q1426,"An invoice for $4,484.65 is settled at an exchange rate of 0.9636. What is the converted amount?","3,872.94","4,654.06","4,769.87","4,321.41"
67,1,2026-09-04T13:00:23Z,2026-09-04T14:05:23Z,q1405,A contract signed on 3 November 2026 has a 78-day settlement period. On what date does it settle?,13 January 2027,21 January 2027,19 February 2027,20 January 2027
67,2,2026-09-04T13:00:23Z,2026-09-04T14:05:23Z,q1327,"Quarterly revenue moved from $3,100.00 to $4,409.00. What is the percentage change?",29.7%,42.2%,142.2%,-42.2%
67,3,2026-09-04T13:00:23Z,2026-09-04T14:05:23Z,q1212,"A product line generates $8,000.00 in revenue against $4,909.17 in cost of goods sold. What is the gross margin?",61.4%,38.6%,63.0%,23.9%
67,4,2026-09-04T13:00:23Z,2026-09-04T14:05:23Z,q1560,"A $6,930.00 marketing budget is split between two channels in the ratio 3:2. What does the first channel receive?","$2,772.00","$4,158.00","$10,395.00","$1,386.00"
67,5,2026-09-04T13:00:23Z,2026-09-04T14:05:23Z,q0855,A contract signed on 5 March 2026 has a 78-day settlement period. On what date does it settle?,22 May 2026,21 June 2026,15 May 2026,23 May 2026
68,1,2026-09-04T14:00:25Z,2026-09-04T15:05:25Z,q0793,Region A had 32 orders averaging $32.00; region B had 56 orders averaging $64.00. What is the overall average order value?,48.00,52.36,82.29,43.64
68,2,2026-09-04T14:00:25Z,2026-09-04T15:05:25Z,q1333,Region A had 76 orders averaging $77.00; region B had 87 orders averaging $27.00. What is the overall average order value?,53.69,94.26,50.31,52.00
68,3,2026-09-04T14:00:25Z,2026-09-04T15:05:25Z,q1410,"A product line generates $32,000.00 in revenue against $18,330.06 in cost of goods sold. What is the gross margin?",27.2%,42.7%,74.6%,57.3%
68,4,2026-09-04T14:00:25Z,2026-09-04T15:05:25Z,q1423,An item listed at $65.38 is discounted by 5%. What is the sale price?,$3.27,$68.65,$62.11,$60.38
68,5,2026-09-04T14:00:25Z,2026-09-04T15:05:25Z,q0434,"An investment of $45,000.00 grows at 2% compounded annually. What is its value after 2 years?","$46,800.00","$45,900.00","$1,800.00","$46,818.00"
69,1,2026-09-04T15:00:28Z,2026-09-04T16:05:28Z,q0839,"Fixed costs are $15,500.00. Each unit sells for $133.00 with a variable cost of $78.00. How many units must be sold to break even?",199 units,73 units,117 units,282 units
69,2,2026-09-04T15:00:28Z,2026-09-04T16:05:28Z,q0021,"A monthly headcount series runs 14, 22, 30, 38, 46. If the pattern continues, what is the next value?",70,54,46,62
69,3,2026-09-04T15:00:28Z,2026-09-04T16:05:28Z,q1160,A contract signed on 17 April 2026 has a 334-day settlement period. On what date does it settle?,16 April 2027,10 March 2027,17 March 2027,18 March 2027
69,4,2026-09-04T15:00:28Z,2026-09-04T16:05:28Z,q0150,"Fixed costs are $5,000.00. Each unit sells for $80.00 with a variable cost of $66.00. How many units must be sold to break even?",357 units,34 units,62 units,76 units
69,5,2026-09-04T15:00:28Z,2026-09-04T16:05:28Z,q0658,"A product line generates $45,250.00 in revenue against $39,686.11 in cost of goods sold. What is the gross margin?",87.7%,14.0%,12.3%,6.6%
70,1,2026-09-04T16:00:25Z,2026-09-04T17:05:25Z,q0872,"A product line generates $14,750.00 in revenue against $6,673.24 in cost of goods sold. What is the gross margin?",54.8%,37.7%,45.2%,121.0%
70,2,2026-09-04T16:00:25Z,2026-09-04T17:05:25Z,q0716,"Quarterly revenue moved from $4,550.00 to $7,270.00. What is the percentage change?",59.8%,37.4%,-59.8%,159.8%
70,3,2026-09-04T16:00:25Z,2026-09-04T17:05:25Z,q1370,A contract signed on 2 February 2026 has a 108-day settlement period. On what date does it settle?,14 May 2026,21 May 2026,20 June 2026,22 May 2026
70,4,2026-09-04T16:00:25Z,2026-09-04T17:05:25Z,q0207,"A product line generates $27,250.00 in revenue against $14,695.76 in cost of goods sold. What is the gross margin?",85.4%,29.9%,46.1%,53.9%
70,5,2026-09-04T16:00:25Z,2026-09-04T17:05:25Z,q0119,"A $7,500.00 marketing budget is split between two channels in the ratio 3:4. What does the first channel receive?","$4,285.71","$1,071.43","$5,625.00","$3,214.29"
71,1,2026-09-04T17:00:23Z,2026-09-04T18:05:23Z,q0357,A $660.00 marketing budget is split between two channels in the ratio 3:6. What does the first channel receive?,$330.00,$220.00,$440.00,$73.33
71,2,2026-09-04T17:00:23Z,2026-09-04T18:05:23Z,q0326,"A product line generates $18,000.00 in revenue against $9,914.50 in cost of goods sold. What is the gross margin?",55.1%,44.9%,81.6%,29.0%
71,3,2026-09-04T17:00:23Z,2026-09-04T18:05:23Z,q0096,"A support queue holds 23 billing tickets, 15 technical tickets and 9 account tickets. If one is drawn at random, what is the probability it is a billing ticket?",80.9%,95.8%,48.9%,31.9%
71,4,2026-09-04T17:00:23Z,2026-09-04T18:05:23Z,q1065,Region A had 109 orders averaging $88.00; region B had 38 orders averaging $75.00. What is the overall average order value?,78.36,84.64,114.15,81.50
71,5,2026-09-04T17:00:23Z,2026-09-04T18:05:23Z,q0783,A contract signed on 11 November 2026 has a 207-day settlement period. On what date does it settle?,6 June 2027,6 July 2027,7 June 2027,30 May 2027
72,1,2026-09-04T18:00:21Z,2026-09-04T19:05:21Z,q0177,"A monthly headcount series runs 30, 42, 54, 66, 78. If the pattern continues, what is the next value?",78,102,90,114
72,2,2026-09-04T18:00:21Z,2026-09-04T19:05:21Z,q0672,"An investment of $34,500.00 grows at 8% compounded annually. What is its value after 7 years?","$59,126.94","$19,320.00","$53,820.00","$54,747.16"
72,3,2026-09-04T18:00:21Z,2026-09-04T19:05:21Z,q1656,"A $8,850.00 marketing budget is split between two channels in the ratio 5:3. What does the first channel receive?","$14,750.00","$3,318.75","$5,531.25","$1,106.25"
72,4,2026-09-04T18:00:21Z,2026-09-04T19:05:21Z,q0053,"An investment of $8,500.00 grows at 4% compounded annually. What is its value after 3 years?","$9,561.34","$1,020.00","$9,193.60","$9,520.00"
72,5,2026-09-04T18:00:21Z,2026-09-04T19:05:21Z,q0559,"A support queue holds 21 billing tickets, 13 technical tickets and 3 account tickets. If one is drawn at random, what is the probability it is a billing ticket?",91.9%,56.8%,131.2%,35.1%
73,1,2026-09-04T19:00:24Z,2026-09-04T20:05:24Z,q1036,"A product line generates $53,750.00 in revenue against $35,210.32 in cost of goods sold. What is the gross margin?",20.8%,65.5%,52.7%,34.5%
73,2,2026-09-04T19:00:24Z,2026-09-04T20:05:24Z,q1091,"A $6,180.00 marketing budget is split between two channels in the ratio 4:2. What does the first channel receive?","$4,120.00","$2,060.00","$1,030.00","$12,360.00"
73,3,2026-09-04T19:00:24Z,2026-09-04T20:05:24Z,q0323,"A support queue holds 19 billing tickets, 17 technical tickets and 10 account tickets. If one is drawn at random, what is the probability it is a billing ticket?",37.0%,78.3%,70.4%,41.3%
73,4,2026-09-04T19:00:24Z,2026-09-04T20:05:24Z,q0858,A retailer sells 199 units at $25.90 each. What is total revenue?,"$5,154.10","$4,895.10","$5,353.10","$5,413.10"
73,5,2026-09-04T19:00:24Z,2026-09-04T20:05:24Z,q1282,"A product line generates $43,500.00 in revenue against $33,774.01 in cost of goods sold. What is the gross margin?",12.6%,77.6%,28.8%,22.4%
74,1,2026-09-04T20:00:30Z,2026-09-04T21:05:30Z,q0232,An item listed at $715.40 is discounted by 35%. What is the sale price?,$965.79,$680.40,$465.01,$250.39
74,2,2026-09-04T20:00:30Z,2026-09-04T21:05:30Z,q0472,"An invoice for $4,417.24 is settled at an exchange rate of 1.3237. What is the converted amount?","6,288.82","3,337.04","5,847.10","5,405.38"
74,3,2026-09-04T20:00:30Z,2026-09-04T21:05:30Z,q1659,Quarterly revenue moved from $600.00 to $427.00. What is the percentage change?,-40.5%,71.2%,28.8%,-28.8%
74,4,2026-09-04T20:00:30Z,2026-09-04T21:05:30Z,q0282,"Fixed costs are $41,500.00. Each unit sells for $113.00 with a variable cost of $70.00. How many units must be sold to break even?",227 units,965 units,593 units,367 units
74,5,2026-09-04T20:00:30Z,2026-09-04T21:05:30Z,q0035,"A $1,320.00 marketing budget is split between two channels in the ratio 2:5. What does the first channel receive?",$942.86,$528.00,$377.14,$188.57
75,1,2026-09-04T21:00:22Z,2026-09-04T22:05:22Z,q0712,A contract signed on 18 February 2026 has a 263-day settlement period. On what date does it settle?,8 November 2026,8 December 2026,9 November 2026,1 November 2026
75,2,2026-09-04T21:00:22Z,2026-09-04T22:05:22Z,q1068,"A $8,970.00 marketing budget is split between two channels in the ratio 2:6. What does the first channel receive?","$1,121.25","$2,990.00","$6,727.50","$2,242.50"
75,3,2026-09-04T21:00:22Z,2026-09-04T22:05:22Z,q0139,"An invoice for $8,198.57 is settled at an exchange rate of 1.4421. What is the converted amount?","11,003.30","11,823.16","12,643.01","5,685.16"
75,4,2026-09-04T21:00:22Z,2026-09-04T22:05:22Z,q1164,"Quarterly revenue moved from $4,550.00 to $2,312.00. What is the percentage change?",50.8%,49.2%,-96.8%,-49.2%
75,5,2026-09-04T21:00:22Z,2026-09-04T22:05:22Z,q1308,"An investment of $19,500.00 grows at 8% compounded annually. What is its value after 4 years?","$6,240.00","$24,564.38","$26,529.53","$25,740.00"
76,1,2026-09-04T22:00:26Z,2026-09-04T23:05:26Z,q0874,"An investment of $43,000.00 grows at 14% compounded annually. What is its value after 8 years?","$107,597.56","$91,160.00","$48,160.00","$122,661.22"
76,2,2026-09-04T22:00:26Z,2026-09-04T23:05:26Z,q0684,"An investment of $18,000.00 grows at 14% compounded annually. What is its value after 6 years?","$15,120.00","$39,509.51","$34,657.46","$33,120.00"
76,3,2026-09-04T22:00:26Z,2026-09-04T23:05:26Z,q0439,A contract signed on 5 August 2026 has a 319-day settlement period. On what date does it settle?,20 June 2027,13 June 2027,20 July 2027,21 June 2027
76,4,2026-09-04T22:00:26Z,2026-09-04T23:05:26Z,q0159,"A product line generates $30,750.00 in revenue against $24,989.88 in cost of goods sold. What is the gross margin?",81.3%,23.0%,10.3%,18.7%
76,5,2026-09-04T22:00:26Z,2026-09-04T23:05:26Z,q0312,A retailer sells 363 units at $5.67 each. What is total revenue?,"$2,001.51","$2,421.21","$2,058.21","$2,114.91"
77,1,2026-09-04T23:00:21Z,2026-09-05T00:05:21Z,q0187,"An invoice for $8,000.18 is settled at an exchange rate of 1.0149. What is the converted amount?","7,319.36","8,119.38","7,882.73","8,919.40"
77,2,2026-09-04T23:00:21Z,2026-09-05T00:05:21Z,q1090,A contract signed on 30 July 2026 has a 223-day settlement period. On what date does it settle?,10 March 2027,3 March 2027,11 March 2027,9 April 2027
77,3,2026-09-04T23:00:21Z,2026-09-05T00:05:21Z,q1521,"An invoice for $7,838.21 is settled at an exchange rate of 0.8102. What is the converted amount?","9,674.41","6,350.52","5,566.70","7,134.34"
77,4,2026-09-04T23:00:21Z,2026-09-05T00:05:21Z,q1050,"An investment of $19,500.00 grows at 15% compounded annually. What is its value after 7 years?","$20,475.00","$39,975.00","$51,870.39","$45,104.68"
77,5,2026-09-04T23:00:21Z,2026-09-05T00:05:21Z,q1358,A contract signed on 5 February 2026 has a 50-day settlement period. On what date does it settle?,27 March 2026,20 March 2026,26 April 2026,28 March 2026
78,1,2026-09-05T00:00:22Z,2026-09-05T01:05:22Z,q0494,"An investment of $49,500.00 grows at 4% compounded annually. What is its value after 3 years?","$53,539.20","$55,680.77","$55,440.00","$5,940.00"
78,2,2026-09-05T00:00:22Z,2026-09-05T01:05:22Z,q1082,Quarterly revenue moved from $400.00 to $552.00. What is the percentage change?,38.0%,27.5%,138.0%,-38.0%
78,3,2026-09-05T00:00:22Z,2026-09-05T01:05:22Z,q0841,Region A had 130 orders averaging $74.00; region B had 149 orders averaging $39.00. What is the overall average order value?,55.31,103.56,56.50,57.69
78,4,2026-09-05T00:00:22Z,2026-09-05T01:05:22Z,q1389,"Fixed costs are $28,500.00. Each unit sells for $122.00 with a variable cost of $73.00. How many units must be sold to break even?",234 units,390 units,146 units,582 units
78,5,2026-09-05T00:00:22Z,2026-09-05T01:05:22Z,q0537,"Quarterly revenue moved from $3,800.00 to $4,802.00. What is the percentage change?",126.4%,20.9%,-26.4%,26.4%
79,1,2026-09-05T01:00:21Z,2026-09-05T02:05:21Z,q0398,"An investment of $16,000.00 grows at 4% compounded annually. What is its value after 5 years?","$3,200.00","$19,200.00","$19,466.45","$18,717.74"
79,2,2026-09-05T01:00:21Z,2026-09-05T02:05:21Z,q0281,"An investment of $18,500.00 grows at 13% compounded annually. What is its value after 5 years?","$30,525.00","$12,025.00","$34,085.05","$30,163.76"
79,3,2026-09-05T01:00:21Z,2026-09-05T02:05:21Z,q1586,A retailer sells 744 units at $85.78 each. What is total revenue?,"$63,820.32","$64,678.12","$62,962.52","$64,564.32"
79,4,2026-09-05T01:00:21Z,2026-09-05T02:05:21Z,q1640,An invoice for $541.20 is settled at an exchange rate of 0.6884. What is the converted amount?,372.56,786.17,426.68,318.44
79,5,2026-09-05T01:00:21Z,2026-09-05T02:05:21Z,q0760,A contract signed on 19 December 2026 has a 368-day settlement period. On what date does it settle?,23 December 2027,21 January 2028,15 December 2027,22 December 2027
80,1,2026-09-05T02:00:21Z,2026-09-05T03:05:21Z,q0689,A contract signed on 17 September 2026 has a 101-day settlement period. On what date does it settle?,20 December 2026,28 December 2026,26 January 2027,27 December 2026
80,2,2026-09-05T02:00:21Z,2026-09-05T03:05:21Z,q0493,An item listed at $671.38 is discounted by 20%. What is the sale price?,$134.28,$651.38,$805.66,$537.10
80,3,2026-09-05T02:00:21Z,2026-09-05T03:05:21Z,q0738,"A support queue holds 22 billing tickets, 18 technical tickets and 8 account tickets. If one is drawn at random, what is the probability it is a billing ticket?",45.8%,84.6%,37.5%,83.3%
80,4,2026-09-05T02:00:21Z,2026-09-05T03:05:21Z,q0381,"A $1,020.00 marketing budget is split between two channels in the ratio 5:8. What does the first channel receive?",$78.46,$392.31,$637.50,$627.69
80,5,2026-09-05T02:00:21Z,2026-09-05T03:05:21Z,q0867,A contract signed on 2 October 2026 has a 112-day settlement period. On what date does it settle?,23 January 2027,22 January 2027,21 February 2027,15 January 2027
81,1,2026-09-05T03:00:25Z,2026-09-05T04:05:25Z,q1590,"An investment of $4,500.00 grows at 8% compounded annually. What is its value after 4 years?","$5,668.70","$5,940.00","$6,122.20","$1,440.00"
81,2,2026-09-05T03:00:25Z,2026-09-05T04:05:25Z,q0485,Region A had 199 orders averaging $59.00; region B had 75 orders averaging $38.00. What is the overall average order value?,73.32,43.75,48.50,53.25
81,3,2026-09-05T03:00:25Z,2026-09-05T04:05:25Z,q0306,"An invoice for $6,122.79 is settled at an exchange rate of 0.7527. What is the converted amount?","3,996.35","4,608.62","5,220.90","8,134.44"
81,4,2026-09-05T03:00:25Z,2026-09-05T04:05:25Z,q0619,"A support queue holds 13 billing tickets, 11 technical tickets and 4 account tickets. If one is drawn at random, what is the probability it is a billing ticket?",85.7%,86.7%,46.4%,39.3%
81,5,2026-09-05T03:00:25Z,2026-09-05T04:05:25Z,q1349,"A support queue holds 24 billing tickets, 17 technical tickets and 7 account tickets. If one is drawn at random, what is the probability it is a billing ticket?",50.0%,100.0%,85.4%,35.4%
82,1,2026-09-05T04:00:24Z,2026-09-05T05:05:24Z,q1667,"A $6,480.00 marketing budget is split between two channels in the ratio 2:4. What does the first channel receive?","$2,160.00","$4,320.00","$1,080.00","$3,240.00"
82,2,2026-09-05T04:00:24Z,2026-09-05T05:05:24Z,q1064,"An invoice for $7,225.63 is settled at an exchange rate of 1.6308. What is the converted amount?","11,060.99","4,430.73","11,783.56","12,506.12"
82,3,2026-09-05T04:00:24Z,2026-09-05T05:05:24Z,q0579,Region A had 45 orders averaging $64.00; region B had 22 orders averaging $26.00. What is the overall average order value?,76.71,38.48,45.00,51.52
82,4,2026-09-05T04:00:24Z,2026-09-05T05:05:24Z,q0210,"Fixed costs are $49,500.00. Each unit sells for $169.00 with a variable cost of $92.00. How many units must be sold to break even?",190 units,538 units,643 units,293 units
82,5,2026-09-05T04:00:24Z,2026-09-05T05:05:24Z,q1028,"Fixed costs are $45,000.00. Each unit sells for $174.00 with a variable cost of $48.00. How many units must be sold to break even?",259 units,203 units,357 units,938 units
83,1,2026-09-05T05:00:23Z,2026-09-05T06:05:23Z,q0346,"A support queue holds 18 billing tickets, 11 technical tickets and 2 account tickets. If one is drawn at random, what is the probability it is a billing ticket?",138.5%,35.5%,93.5%,58.1%
83,2,2026-09-05T05:00:23Z,2026-09-05T06:05:23Z,q1350,A retailer sells 728 units at $6.98 each. What is total revenue?,"$5,151.24","$5,081.44","$5,809.44","$5,011.64"
83,3,2026-09-05T05:00:23Z,2026-09-05T06:05:23Z,q1537,"A support queue holds 4 billing tickets, 8 technical tickets and 8 account tickets. If one is drawn at random, what is the probability it is a billing ticket?",20.0%,60.0%,25.0%,40.0%
83,4,2026-09-05T05:00:23Z,2026-09-05T06:05:23Z,q0131,"A $1,050.00 marketing budget is split between two channels in the ratio 3:4. What does the first channel receive?",$787.50,$150.00,$450.00,$600.00
83,5,2026-09-05T05:00:23Z,2026-09-05T06:05:23Z,q0069,"A monthly headcount series runs 10, 25, 40, 55, 70. If the pattern continues, what is the next value?",85,115,100,70
84,1,2026-09-05T06:00:23Z,2026-09-05T07:05:23Z,q1547,A contract signed on 4 October 2026 has a 238-day settlement period. On what date does it settle?,30 May 2027,23 May 2027,31 May 2027,29 June 2027
84,2,2026-09-05T06:00:23Z,2026-09-05T07:05:23Z,q1392,"A monthly headcount series runs 14, 28, 42, 56, 70. If the pattern continues, what is the next value?",112,70,98,84
84,3,2026-09-05T06:00:23Z,2026-09-05T07:05:23Z,q0028,An item listed at $181.05 is discounted by 45%. What is the sale price?,$136.05,$99.58,$262.52,$81.47
84,4,2026-09-05T06:00:23Z,2026-09-05T07:05:23Z,q0782,"A monthly headcount series runs 18, 23, 28, 33, 38. If the pattern continues, what is the next value?",38,53,43,48
84,5,2026-09-05T06:00:23Z,2026-09-05T07:05:23Z,q1122,"Fixed costs are $34,000.00. Each unit sells for $136.00 with a variable cost of $69.00. How many units must be sold to break even?",493 units,250 units,166 units,507 units
85,1,2026-09-05T07:00:21Z,2026-09-05T08:05:21Z,q0586,"A product line generates $66,000.00 in revenue against $40,660.23 in cost of goods sold. What is the gross margin?",62.3%,61.6%,38.4%,23.8%
85,2,2026-09-05T07:00:21Z,2026-09-05T08:05:21Z,q0498,"A monthly headcount series runs 8, 15, 22, 29, 36. If the pattern continues, what is the next value?",50,43,57,36
85,3,2026-09-05T07:00:21Z,2026-09-05T08:05:21Z,q0089,"An investment of $20,500.00 grows at 5% compounded annually. What is its value after 4 years?","$4,100.00","$24,917.88","$23,731.31","$24,600.00"
85,4,2026-09-05T07:00:21Z,2026-09-05T08:05:21Z,q0883,Quarterly revenue moved from $550.00 to $700.00. What is the percentage change?,21.4%,127.3%,27.3%,-27.3%
85,5,2026-09-05T07:00:21Z,2026-09-05T08:05:21Z,q1627,"Fixed costs are $37,000.00. Each unit sells for $112.00 with a variable cost of $39.00. How many units must be sold to break even?",330 units,949 units,245 units,507 units
86,1,2026-09-05T08:00:25Z,2026-09-05T09:05:25Z,q0463,A contract signed on 12 November 2026 has a 379-day settlement period. On what date does it settle?,27 November 2027,19 November 2027,26 December 2027,26 November 2027
86,2,2026-09-05T08:00:25Z,2026-09-05T09:05:25Z,q0591,Region A had 82 orders averaging $31.00; region B had 59 orders averaging $54.00. What is the overall average order value?,40.62,42.50,44.38,69.85
86,3,2026-09-05T08:00:25Z,2026-09-05T09:05:25Z,q0970,"Fixed costs are $22,000.00. Each unit sells for $71.00 with a variable cost of $46.00. How many units must be sold to break even?",478 units,880 units,188 units,310 units
86,4,2026-09-05T08:00:25Z,2026-09-05T09:05:25Z,q1487,"A monthly headcount series runs 14, 17, 20, 23, 26. If the pattern continues, what is the next value?",26,32,29,35
86,5,2026-09-05T08:00:25Z,2026-09-05T09:05:25Z,q0201,"A monthly headcount series runs 16, 26, 36, 46, 56. If the pattern continues, what is the next value?",66,76,56,86
87,1,2026-09-05T09:00:25Z,2026-09-05T10:05:25Z,q1504,"Quarterly revenue moved from $4,750.00 to $2,999.00. What is the percentage change?",63.1%,-58.4%,36.9%,-36.9%
87,2,2026-09-05T09:00:25Z,2026-09-05T10:05:25Z,q1522,Region A had 93 orders averaging $30.00; region B had 189 orders averaging $54.00. What is the overall average order value?,37.91,42.00,46.09,68.76
87,3,2026-09-05T09:00:25Z,2026-09-05T10:05:25Z,q0937,Region A had 163 orders averaging $32.00; region B had 30 orders averaging $37.00. What is the overall average order value?,36.22,32.78,38.81,34.50
87,4,2026-09-05T09:00:25Z,2026-09-05T10:05:25Z,q1391,Region A had 151 orders averaging $89.00; region B had 143 orders averaging $94.00. What is the overall average order value?,91.50,91.43,91.57,178.02
87,5,2026-09-05T09:00:25Z,2026-09-05T10:05:25Z,q0383,A retailer sells 523 units at $55.76 each. What is total revenue?,"$29,162.48","$28,604.88","$29,720.08","$29,685.48"
88,1,2026-09-05T10:00:23Z,2026-09-05T11:05:23Z,q0484,"An invoice for $5,490.30 is settled at an exchange rate of 1.5199. What is the converted amount?","3,612.28","8,344.71","8,893.74","7,795.68"
88,2,2026-09-05T10:00:23Z,2026-09-05T11:05:23Z,q0410,"An investment of $46,500.00 grows at 13% compounded annually. What is its value after 3 years?","$64,635.00","$59,375.85","$18,135.00","$67,094.71"
88,3,2026-09-05T10:00:23Z,2026-09-05T11:05:23Z,q0261,"A monthly headcount series runs 23, 37, 51, 65, 79. If the pattern continues, what is the next value?",121,107,93,79
88,4,2026-09-05T10:00:23Z,2026-09-05T11:05:23Z,q0490,A retailer sells 767 units at $18.96 each. What is total revenue?,"$14,542.32","$14,731.92","$14,352.72","$15,309.32"
88,5,2026-09-05T10:00:23Z,2026-09-05T11:05:23Z,q0877,Region A had 166 orders averaging $52.00; region B had 169 orders averaging $93.00. What is the overall average order value?,144.08,72.50,72.68,72.32
89,1,2026-09-05T11:00:22Z,2026-09-05T12:05:22Z,q0102,"Fixed costs are $17,000.00. Each unit sells for $186.00 with a variable cost of $59.00. How many units must be sold to break even?",134 units,288 units,69 units,91 units
89,2,2026-09-05T11:00:22Z,2026-09-05T12:05:22Z,q0003,"A product line generates $15,000.00 in revenue against $13,741.60 in cost of goods sold. What is the gross margin?",91.6%,9.2%,4.4%,8.4%
89,3,2026-09-05T11:00:22Z,2026-09-05T12:05:22Z,q0332,"A monthly headcount series runs 5, 10, 15, 20, 25. If the pattern continues, what is the next value?",40,35,25,30
89,4,2026-09-05T11:00:22Z,2026-09-05T12:05:22Z,q1398,"A product line generates $82,500.00 in revenue against $61,908.18 in cost of goods sold. What is the gross margin?",33.3%,25.0%,14.3%,75.0%
89,5,2026-09-05T11:00:22Z,2026-09-05T12:05:22Z,q0968,An item listed at $537.82 is discounted by 20%. What is the sale price?,$517.82,$107.56,$430.26,$645.38
90,1,2026-09-05T12:00:22Z,2026-09-05T13:05:22Z,q1449,"Fixed costs are $11,000.00. Each unit sells for $63.00 with a variable cost of $36.00. How many units must be sold to break even?",306 units,175 units,111 units,407 units
90,2,2026-09-05T12:00:22Z,2026-09-05T13:05:22Z,q1572,"A $8,880.00 marketing budget is split between two channels in the ratio 5:3. What does the first channel receive?","$3,330.00","$14,800.00","$1,110.00","$5,550.00"
90,3,2026-09-05T12:00:22Z,2026-09-05T13:05:22Z,q1067,A contract signed on 8 April 2026 has a 234-day settlement period. On what date does it settle?,28 November 2026,29 November 2026,21 November 2026,28 December 2026
90,4,2026-09-05T12:00:22Z,2026-09-05T13:05:22Z,q0111,"A product line generates $53,000.00 in revenue against $33,754.60 in cost of goods sold. What is the gross margin?",57.0%,63.7%,36.3%,22.2%
90,5,2026-09-05T12:00:22Z,2026-09-05T13:05:22Z,q0041,"An investment of $27,500.00 grows at 12% compounded annually. What is its value after 8 years?","$53,900.00","$60,793.74","$68,088.99","$26,400.00"
91,1,2026-09-05T13:00:23Z,2026-09-05T14:05:23Z,q1156,"An investment of $15,500.00 grows at 3% compounded annually. What is its value after 7 years?","$19,063.04","$18,755.00","$3,255.00","$18,507.81"
91,2,2026-09-05T13:00:23Z,2026-09-05T14:05:23Z,q0979,"A product line generates $72,000.00 in revenue against $49,415.55 in cost of goods sold. What is the gross margin?",18.6%,68.6%,45.7%,31.4%
91,3,2026-09-05T13:00:23Z,2026-09-05T14:05:23Z,q1515,A retailer sells 328 units at $63.41 each. What is total revenue?,"$21,432.58","$21,126.48","$20,798.48","$20,164.38"
91,4,2026-09-05T13:00:23Z,2026-09-05T14:05:23Z,q0461,Region A had 11 orders averaging $75.00; region B had 193 orders averaging $57.00. What is the overall average order value?,61.27,66.00,74.03,57.97
91,5,2026-09-05T13:00:23Z,2026-09-05T14:05:23Z,q0062,"Quarterly revenue moved from $1,700.00 to $2,047.00. What is the percentage change?",20.4%,120.4%,-20.4%,17.0%
92,1,2026-09-05T14:00:23Z,2026-09-05T15:05:23Z,q0594,"A $1,080.00 marketing budget is split between two channels in the ratio 3:8. What does the first channel receive?",$294.55,$405.00,$98.18,$785.45
92,2,2026-09-05T14:00:23Z,2026-09-05T15:05:23Z,q1046,A retailer sells 893 units at $27.41 each. What is total revenue?,"$24,203.03","$24,751.23","$25,370.13","$24,477.13"
92,3,2026-09-05T14:00:23Z,2026-09-05T15:05:23Z,q0070,A contract signed on 4 July 2026 has a 209-day settlement period. On what date does it settle?,28 February 2027,29 January 2027,30 January 2027,22 January 2027
92,4,2026-09-05T14:00:23Z,2026-09-05T15:05:23Z,q1304,A retailer sells 454 units at $37.83 each. What is total revenue?,"$16,796.52","$17,553.12","$17,174.82","$17,628.82"
92,5,2026-09-05T14:00:23Z,2026-09-05T15:05:23Z,q1020,A contract signed on 10 January 2026 has a 162-day settlement period. On what date does it settle?,22 June 2026,21 July 2026,21 June 2026,14 June 2026
93,1,2026-09-05T15:00:21Z,2026-09-05T16:05:21Z,q1238,"An investment of $40,000.00 grows at 15% compounded annually. What is its value after 3 years?","$52,900.00","$60,835.00","$18,000.00","$58,000.00"
93,2,2026-09-05T15:00:21Z,2026-09-05T16:05:21Z,q1216,"An invoice for $4,032.64 is settled at an exchange rate of 0.7859. What is the converted amount?","3,169.25","5,131.24","2,765.99","3,572.52"
93,3,2026-09-05T15:00:21Z,2026-09-05T16:05:21Z,q0467,"Quarterly revenue moved from $2,300.00 to $3,561.00. What is the percentage change?",-54.8%,35.4%,54.8%,154.8%
93,4,2026-09-05T15:00:21Z,2026-09-05T16:05:21Z,q0473,Region A had 125 orders averaging $77.00; region B had 40 orders averaging $40.00. What is the overall average order value?,58.50,89.80,48.97,68.03
93,5,2026-09-05T15:00:21Z,2026-09-05T16:05:21Z,q0361,"A product line generates $84,500.00 in revenue against $68,931.37 in cost of goods sold. What is the gross margin?",18.4%,81.6%,10.1%,22.6%
94,1,2026-09-05T16:00:22Z,2026-09-05T17:05:22Z,q1174,"A support queue holds 6 billing tickets, 19 technical tickets and 6 account tickets. If one is drawn at random, what is the probability it is a billing ticket?",24.0%,80.6%,61.3%,19.4%
94,2,2026-09-05T16:00:22Z,2026-09-05T17:05:22Z,q0790,"An investment of $29,000.00 grows at 15% compounded annually. What is its value after 4 years?","$50,721.18","$44,105.37","$17,400.00","$46,400.00"
94,3,2026-09-05T16:00:22Z,2026-09-05T17:05:22Z,q0959,"An invoice for $5,735.04 is settled at an exchange rate of 1.2554. What is the converted amount?","7,773.27","7,199.77","4,568.30","6,626.27"
94,4,2026-09-05T16:00:22Z,2026-09-05T17:05:22Z,q0054,"Fixed costs are $15,000.00. Each unit sells for $187.00 with a variable cost of $163.00. How many units must be sold to break even?",80 units,43 units,625 units,92 units
94,5,2026-09-05T16:00:22Z,2026-09-05T17:05:22Z,q0057,"A monthly headcount series runs 30, 45, 60, 75, 90. If the pattern continues, what is the next value?",90,120,105,135
95,1,2026-09-05T17:00:22Z,2026-09-05T18:05:22Z,q1635,"Quarterly revenue moved from $3,900.00 to $5,053.00. What is the percentage change?",29.6%,22.8%,129.6%,-29.6%
95,2,2026-09-05T17:00:22Z,2026-09-05T18:05:22Z,q0657,"Quarterly revenue moved from $4,600.00 to $2,376.00. What is the percentage change?",51.7%,48.3%,-48.3%,-93.6%
95,3,2026-09-05T17:00:22Z,2026-09-05T18:05:22Z,q1367,"An invoice for $4,872.63 is settled at an exchange rate of 1.6775. What is the converted amount?","8,661.10","7,686.57","8,173.84","2,904.70"
95,4,2026-09-05T17:00:22Z,2026-09-05T18:05:22Z,q0818,"A monthly headcount series runs 39, 53, 67, 81, 95. If the pattern continues, what is the next value?",123,109,95,137
95,5,2026-09-05T17:00:22Z,2026-09-05T18:05:22Z,q0631,"A support queue holds 24 billing tickets, 9 technical tickets and 4 account tickets. If one is drawn at random, what is the probability it is a billing ticket?",24.3%,89.2%,184.6%,64.9%
96,1,2026-09-05T18:00:24Z,2026-09-05T19:05:24Z,q0389,Region A had 68 orders averaging $81.00; region B had 30 orders averaging $86.00. What is the overall average order value?,82.53,118.94,84.47,83.50
96,2,2026-09-05T18:00:24Z,2026-09-05T19:05:24Z,q1265,Region A had 82 orders averaging $50.00; region B had 11 orders averaging $20.00. What is the overall average order value?,35.00,46.45,52.68,23.55
96,3,2026-09-05T18:00:24Z,2026-09-05T19:05:24Z,q0423,"Fixed costs are $19,500.00. Each unit sells for $101.00 with a variable cost of $70.00. How many units must be sold to break even?",279 units,193 units,629 units,114 units
96,4,2026-09-05T18:00:24Z,2026-09-05T19:05:24Z,q1499,"A monthly headcount series runs 23, 27, 31, 35, 39. If the pattern continues, what is the next value?",47,51,43,39
96,5,2026-09-05T18:00:24Z,2026-09-05T19:05:24Z,q0488,"A $8,790.00 marketing budget is split between two channels in the ratio 4:2. What does the first channel receive?","$1,465.00","$17,580.00","$5,860.00","$2,930.00"
97,1,2026-09-05T19:00:21Z,2026-09-05T20:05:21Z,q0067,"An invoice for $7,259.78 is settled at an exchange rate of 1.2357. What is the converted amount?","5,875.03","8,970.91","9,696.89","8,244.93"
97,2,2026-09-05T19:00:21Z,2026-09-05T20:05:21Z,q0812,"A product line generates $25,000.00 in revenue against $15,406.79 in cost of goods sold. What is the gross margin?",23.7%,62.3%,61.6%,38.4%
97,3,2026-09-05T19:00:21Z,2026-09-05T20:05:21Z,q1630,"A monthly headcount series runs 6, 21, 36, 51, 66. If the pattern continues, what is the next value?",81,66,111,96
97,4,2026-09-05T19:00:21Z,2026-09-05T20:05:21Z,q1646,A retailer sells 486 units at $14.42 each. What is total revenue?,"$7,152.32","$7,494.12","$7,008.12","$6,863.92"
97,5,2026-09-05T19:00:21Z,2026-09-05T20:05:21Z,q1506,An item listed at $822.66 is discounted by 20%. What is the sale price?,$164.53,$987.19,$658.13,$802.66
98,1,2026-09-05T20:00:24Z,2026-09-05T21:05:24Z,q0046,A contract signed on 20 April 2026 has a 60-day settlement period. On what date does it settle?,12 June 2026,19 July 2026,20 June 2026,19 June 2026
98,2,2026-09-05T20:00:24Z,2026-09-05T21:05:24Z,q1430,"A $7,800.00 marketing budget is split between two channels in the ratio 5:2. What does the first channel receive?","$19,500.00","$2,228.57","$5,571.43","$1,114.29"
98,3,2026-09-05T20:00:24Z,2026-09-05T21:05:24Z,q0458,"An investment of $19,500.00 grows at 4% compounded annually. What is its value after 3 years?","$2,340.00","$21,934.85","$21,091.20","$21,840.00"
98,4,2026-09-05T20:00:24Z,2026-09-05T21:05:24Z,q0286,"A $8,340.00 marketing budget is split between two channels in the ratio 4:3. What does the first channel receive?","$4,765.71","$1,191.43","$3,574.29","$11,120.00"
98,5,2026-09-05T20:00:24Z,2026-09-05T21:05:24Z,q1542,"An investment of $44,500.00 grows at 10% compounded annually. What is its value after 2 years?","$53,400.00","$8,900.00","$48,950.00","$53,845.00"
99,1,2026-09-05T21:00:23Z,2026-09-05T22:05:23Z,q0951,"A $8,220.00 marketing budget is split between two channels in the ratio 3:2. What does the first channel receive?","$4,932.00","$3,288.00","$1,644.00","$12,330.00"
99,2,2026-09-05T21:00:23Z,2026-09-05T22:05:23Z,q1054,"A monthly headcount series runs 18, 30, 42, 54, 66. If the pattern continues, what is the next value?",102,78,66,90
99,3,2026-09-05T21:00:23Z,2026-09-05T22:05:23Z,q0777,An item listed at $787.98 is discounted by 15%. What is the sale price?,$772.98,$906.18,$118.20,$669.78
99,4,2026-09-05T21:00:23Z,2026-09-05T22:05:23Z,q0208,An item listed at $262.63 is discounted by 25%. What is the sale price?,$328.29,$237.63,$196.97,$65.66
99,5,2026-09-05T21:00:23Z,2026-09-05T22:05:23Z,q1307,An item listed at $110.51 is discounted by 15%. What is the sale price?,$95.51,$16.58,$127.09,$93.93
100,1,2026-09-05T22:00:23Z,2026-09-05T23:05:23Z,q0785,"A support queue holds 19 billing tickets, 15 technical tickets and 13 account tickets. If one is drawn at random, what is the probability it is a billing ticket?",72.3%,67.9%,40.4%,31.9%
100,2,2026-09-05T22:00:23Z,2026-09-05T23:05:23Z,q1633,"A support queue holds 16 billing tickets, 6 technical tickets and 2 account tickets. If one is drawn at random, what is the probability it is a billing ticket?",200.0%,66.7%,91.7%,25.0%
100,3,2026-09-05T22:00:23Z,2026-09-05T23:05:23Z,q0393,"A support queue holds 17 billing tickets, 13 technical tickets and 6 account tickets. If one is drawn at random, what is the probability it is a billing ticket?",36.1%,83.3%,89.5%,47.2%
100,4,2026-09-05T22:00:23Z,2026-09-05T23:05:23Z,q0462,"A monthly headcount series runs 8, 24, 40, 56, 72. If the pattern continues, what is the next value?",72,104,88,120
100,5,2026-09-05T22:00:23Z,2026-09-05T23:05:23Z,q0166,A contract signed on 16 October 2026 has a 231-day settlement period. On what date does it settle?,4 June 2027,5 June 2027,28 May 2027,4 July 2027
101,1,2026-09-05T23:00:22Z,2026-09-06T00:05:22Z,q0894,A retailer sells 257 units at $37.67 each. What is total revenue?,"$9,304.49","$10,057.89","$9,938.19","$9,681.19"
101,2,2026-09-05T23:00:22Z,2026-09-06T00:05:22Z,q0789,An item listed at $616.26 is discounted by 30%. What is the sale price?,$431.38,$184.88,$586.26,$801.14
101,3,2026-09-05T23:00:22Z,2026-09-06T00:05:22Z,q0802,"An investment of $21,000.00 grows at 12% compounded annually. What is its value after 3 years?","$29,503.49","$7,560.00","$28,560.00","$26,342.40"
101,4,2026-09-05T23:00:22Z,2026-09-06T00:05:22Z,q0431,"Quarterly revenue moved from $1,550.00 to $1,145.00. What is the percentage change?",-35.4%,73.9%,26.1%,-26.1%
101,5,2026-09-05T23:00:22Z,2026-09-06T00:05:22Z,q1240,"An invoice for $6,117.25 is settled at an exchange rate of 1.0935. What is the converted amount?","6,077.49","7,300.94","5,594.19","6,689.21"
102,1,2026-09-06T00:00:23Z,2026-09-06T01:05:23Z,q0769,"An invoice for $5,762.99 is settled at an exchange rate of 0.8335. What is the converted amount?","5,379.75","4,803.45","4,227.15","6,914.21"
102,2,2026-09-06T00:00:23Z,2026-09-06T01:05:23Z,q0172,An item listed at $415.95 is discounted by 25%. What is the sale price?,$311.96,$519.94,$103.99,$390.95
102,3,2026-09-06T00:00:23Z,2026-09-06T01:05:23Z,q0729,"A product line generates $77,750.00 in revenue against $57,266.57 in cost of goods sold. What is the gross margin?",73.7%,15.2%,35.8%,26.3%
102,4,2026-09-06T00:00:23Z,2026-09-06T01:05:23Z,q1241,Region A had 56 orders averaging $90.00; region B had 157 orders averaging $93.00. What is the overall average order value?,125.10,91.50,90.79,92.21
102,5,2026-09-06T00:00:23Z,2026-09-06T01:05:23Z,q1187,"Quarterly revenue moved from $2,050.00 to $2,633.00. What is the percentage change?",128.4%,-28.4%,28.4%,22.1%
103,1,2026-09-06T01:00:21Z,2026-09-06T02:05:21Z,q0910,"An investment of $11,000.00 grows at 13% compounded annually. What is its value after 8 years?","$22,440.00","$29,242.89","$25,878.66","$11,440.00"
103,2,2026-09-06T01:00:21Z,2026-09-06T02:05:21Z,q0513,A retailer sells 508 units at $24.88 each. What is total revenue?,"$12,639.04","$13,147.04","$12,390.24","$12,887.84"
103,3,2026-09-06T01:00:21Z,2026-09-06T02:05:21Z,q0023,"A $1,170.00 marketing budget is split between two channels in the ratio 3:4. What does the first channel receive?",$877.50,$167.14,$501.43,$668.57
103,4,2026-09-06T01:00:21Z,2026-09-06T02:05:21Z,q1235,"Quarterly revenue moved from $2,950.00 to $4,577.00. What is the percentage change?",35.5%,-55.2%,155.2%,55.2%
103,5,2026-09-06T01:00:21Z,2026-09-06T02:05:21Z,q0308,"A monthly headcount series runs 40, 56, 72, 88, 104. If the pattern continues, what is the next value?",136,120,152,104
104,1,2026-09-06T02:00:31Z,2026-09-06T03:05:31Z,q0103,"An invoice for $3,921.51 is settled at an exchange rate of 1.3738. What is the converted amount?","5,387.37","4,995.22","5,779.52","2,854.50"
104,2,2026-09-06T02:00:31Z,2026-09-06T03:05:31Z,q0354,Region A had 199 orders averaging $62.00; region B had 66 orders averaging $44.00. What is the overall average order value?,57.52,48.48,76.59,53.00
104,3,2026-09-06T02:00:31Z,2026-09-06T03:05:31Z,q0456,"A product line generates $79,000.00 in revenue against $39,435.18 in cost of goods sold. What is the gross margin?",33.4%,49.9%,50.1%,100.3%
104,4,2026-09-06T02:00:31Z,2026-09-06T03:05:31Z,q0705,"A product line generates $54,000.00 in revenue against $31,220.31 in cost of goods sold. What is the gross margin?",73.0%,57.8%,26.7%,42.2%
104,5,2026-09-06T02:00:31Z,2026-09-06T03:05:31Z,q1589,An item listed at $408.91 is discounted by 5%. What is the sale price?,$403.91,$20.45,$388.46,$429.36
105,1,2026-09-06T03:00:23Z,2026-09-06T04:05:23Z,q0700,A contract signed on 3 March 2026 has a 271-day settlement period. On what date does it settle?,29 December 2026,30 November 2026,22 November 2026,29 November 2026
105,2,2026-09-06T03:00:23Z,2026-09-06T04:05:23Z,q0479,Quarterly revenue moved from $700.00 to $846.00. What is the percentage change?,20.9%,-20.9%,17.3%,120.9%
105,3,2026-09-06T03:00:23Z,2026-09-06T04:05:23Z,q1523,A contract signed on 12 April 2026 has a 259-day settlement period. On what date does it settle?,27 December 2026,26 January 2027,20 December 2026,28 December 2026
105,4,2026-09-06T03:00:23Z,2026-09-06T04:05:23Z,q0753,"A product line generates $10,250.00 in revenue against $9,411.34 in cost of goods sold. What is the gross margin?",8.9%,91.8%,4.3%,8.2%
105,5,2026-09-06T03:00:23Z,2026-09-06T04:05:23Z,q0963,A $630.00 marketing budget is split between two channels in the ratio 5:7. What does the first channel receive?,$262.50,$367.50,$52.50,$450.00
106,1,2026-09-06T04:00:24Z,2026-09-06T05:05:24Z,q1549,"A support queue holds 9 billing tickets, 14 technical tickets and 7 account tickets. If one is drawn at random, what is the probability it is a billing ticket?",30.0%,42.9%,46.7%,76.7%
106,2,2026-09-06T04:00:24Z,2026-09-06T05:05:24Z,q0674,"An invoice for $2,207.60 is settled at an exchange rate of 0.8281. What is the converted amount?","2,665.86","1,607.35","1,828.11","2,048.87"
106,3,2026-09-06T04:00:24Z,2026-09-06T05:05:24Z,q0834,A retailer sells 764 units at $31.48 each. What is total revenue?,"$24,050.72","$24,814.72","$24,365.52","$23,735.92"
106,4,2026-09-06T04:00:24Z,2026-09-06T05:05:24Z,q1464,A contract signed on 25 April 2026 has a 182-day settlement period. On what date does it settle?,17 October 2026,23 November 2026,25 October 2026,24 October 2026
106,5,2026-09-06T04:00:24Z,2026-09-06T05:05:24Z,q0144,"A support queue holds 19 billing tickets, 16 technical tickets and 3 account tickets. If one is drawn at random, what is the probability it is a billing ticket?",42.1%,50.0%,100.0%,92.1%
107,1,2026-09-06T05:00:21Z,2026-09-06T06:05:21Z,q0590,"An invoice for $7,095.99 is settled at an exchange rate of 1.3450. What is the converted amount?","10,253.71","5,275.83","8,834.51","9,544.11"
107,2,2026-09-06T05:00:21Z,2026-09-06T06:05:21Z,q0692,A retailer sells 926 units at $62.42 each. What is total revenue?,"$57,176.72","$58,425.12","$57,800.92","$58,726.92"
107,3,2026-09-06T05:00:21Z,2026-09-06T06:05:21Z,q0188,Region A had 150 orders averaging $84.00; region B had 12 orders averaging $89.00. What is the overall average order value?,91.12,88.63,86.50,84.37
107,4,2026-09-06T05:00:21Z,2026-09-06T06:05:21Z,q0899,"Fixed costs are $38,000.00. Each unit sells for $154.00 with a variable cost of $56.00. How many units must be sold to break even?",247 units,388 units,679 units,181 units
107,5,2026-09-06T05:00:21Z,2026-09-06T06:05:21Z,q0184,An item listed at $787.53 is discounted by 20%. What is the sale price?,$630.02,$767.53,$157.51,$945.04
108,1,2026-09-06T06:00:23Z,2026-09-06T07:05:23Z,q1466,"A support queue holds 10 billing tickets, 7 technical tickets and 6 account tickets. If one is drawn at random, what is the probability it is a billing ticket?",73.9%,76.9%,30.4%,43.5%
108,2,2026-09-06T06:00:23Z,2026-09-06T07:05:23Z,q0345,A contract signed on 20 February 2026 has a 119-day settlement period. On what date does it settle?,19 July 2026,12 June 2026,20 June 2026,19 June 2026
108,3,2026-09-06T06:00:23Z,2026-09-06T07:05:23Z,q0871,"Quarterly revenue moved from $4,900.00 to $5,491.00. What is the percentage change?",-12.1%,112.1%,12.1%,10.8%
108,4,2026-09-06T06:00:23Z,2026-09-06T07:05:23Z,q1134,"Fixed costs are $18,500.00. Each unit sells for $147.00 with a variable cost of $86.00. How many units must be sold to break even?",303 units,126 units,215 units,79 units
108,5,2026-09-06T06:00:23Z,2026-09-06T07:05:23Z,q0543,Region A had 71 orders averaging $77.00; region B had 184 orders averaging $25.00. What is the overall average order value?,62.52,39.48,51.00,54.71
109,1,2026-09-06T07:00:24Z,2026-09-06T08:05:24Z,q0881,"A support queue holds 16 billing tickets, 5 technical tickets and 13 account tickets. If one is drawn at random, what is the probability it is a billing ticket?",47.1%,88.9%,61.8%,14.7%
109,2,2026-09-06T07:00:24Z,2026-09-06T08:05:24Z,q0199,"An invoice for $1,918.64 is settled at an exchange rate of 1.8177. What is the converted amount?","3,487.51","3,679.38","1,055.53","3,295.65"
109,3,2026-09-06T07:00:24Z,2026-09-06T08:05:24Z,q1318,An item listed at $598.31 is discounted by 30%. What is the sale price?,$568.31,$418.82,$777.80,$179.49
109,4,2026-09-06T07:00:24Z,2026-09-06T08:05:24Z,q1584,"A $8,580.00 marketing budget is split between two channels in the ratio 3:4. What does the first channel receive?","$4,902.86","$3,677.14","$6,435.00","$1,225.71"
109,5,2026-09-06T07:00:24Z,2026-09-06T08:05:24Z,q0120,"A support queue holds 8 billing tickets, 25 technical tickets and 12 account tickets. If one is drawn at random, what is the probability it is a billing ticket?",21.6%,55.6%,17.8%,73.3%
110,1,2026-09-06T08:00:23Z,2026-09-06T09:05:23Z,q1278,"A $7,020.00 marketing budget is split between two channels in the ratio 3:4. What does the first channel receive?","$3,008.57","$5,265.00","$1,002.86","$4,011.43"
110,2,2026-09-06T08:00:23Z,2026-09-06T09:05:23Z,q0948,"An invoice for $7,478.02 is settled at an exchange rate of 1.8707. What is the converted amount?","14,736.93","3,997.44","13,241.33","13,989.13"
110,3,2026-09-06T08:00:23Z,2026-09-06T09:05:23Z,q0424,An invoice for $260.47 is settled at an exchange rate of 1.5668. What is the converted amount?,382.06,408.10,434.15,166.24
110,4,2026-09-06T08:00:23Z,2026-09-06T09:05:23Z,q0541,"Fixed costs are $30,000.00. Each unit sells for $175.00 with a variable cost of $88.00. How many units must be sold to break even?",345 units,171 units,114 units,341 units
110,5,2026-09-06T08:00:23Z,2026-09-06T09:05:23Z,q0504,"A product line generates $14,000.00 in revenue against $9,967.81 in cost of goods sold. What is the gross margin?",16.8%,71.2%,28.8%,40.5%
111,1,2026-09-06T09:00:23Z,2026-09-06T10:05:23Z,q1192,"An invoice for $2,910.71 is settled at an exchange rate of 1.2132. What is the converted amount?","3,531.27","3,240.20","3,822.34","2,399.20"
111,2,2026-09-06T09:00:23Z,2026-09-06T10:05:23Z,q0609,"Quarterly revenue moved from $4,150.00 to $3,208.00. What is the percentage change?",-22.7%,77.3%,22.7%,-29.4%
111,3,2026-09-06T09:00:23Z,2026-09-06T10:05:23Z,q0682,"A product line generates $47,250.00 in revenue against $29,295.65 in cost of goods sold. What is the gross margin?",62.0%,23.5%,61.3%,38.0%
111,4,2026-09-06T09:00:23Z,2026-09-06T10:05:23Z,q0204,"A support queue holds 10 billing tickets, 20 technical tickets and 6 account tickets. If one is drawn at random, what is the probability it is a billing ticket?",27.8%,83.3%,55.6%,38.5%
111,5,2026-09-06T09:00:23Z,2026-09-06T10:05:23Z,q0764,Quarterly revenue moved from $450.00 to $279.00. What is the percentage change?,-61.3%,38.0%,62.0%,-38.0%
112,1,2026-09-06T10:00:22Z,2026-09-06T11:05:22Z,q0555,Region A had 43 orders averaging $46.00; region B had 111 orders averaging $62.00. What is the overall average order value?,50.47,54.00,57.53,79.82
112,2,2026-09-06T10:00:22Z,2026-09-06T11:05:22Z,q0998,"A $1,080.00 marketing budget is split between two channels in the ratio 3:5. What does the first channel receive?",$135.00,$675.00,$405.00,$648.00
112,3,2026-09-06T10:00:22Z,2026-09-06T11:05:22Z,q1154,"A product line generates $18,250.00 in revenue against $16,483.31 in cost of goods sold. What is the gross margin?",5.1%,10.7%,90.3%,9.7%
112,4,2026-09-06T10:00:22Z,2026-09-06T11:05:22Z,q1319,"An investment of $45,000.00 grows at 2% compounded annually. What is its value after 5 years?","$48,709.45","$49,683.64","$49,500.00","$4,500.00"
112,5,2026-09-06T10:00:22Z,2026-09-06T11:05:22Z,q0533,A contract signed on 18 June 2026 has a 361-day settlement period. On what date does it settle?,15 June 2027,14 July 2027,14 June 2027,7 June 2027
113,1,2026-09-06T11:00:24Z,2026-09-06T12:05:24Z,q1150,"A $8,430.00 marketing budget is split between two channels in the ratio 2:4. What does the first channel receive?","$1,405.00","$5,620.00","$4,215.00","$2,810.00"
113,2,2026-09-06T11:00:24Z,2026-09-06T12:05:24Z,q1221,"A support queue holds 9 billing tickets, 19 technical tickets and 13 account tickets. If one is drawn at random, what is the probability it is a billing ticket?",68.3%,22.0%,28.1%,46.3%
113,3,2026-09-06T11:00:24Z,2026-09-06T12:05:24Z,q1228,"An invoice for $4,420.40 is settled at an exchange rate of 1.7815. What is the converted amount?","2,481.28","7,432.90","7,874.94","8,316.98"
113,4,2026-09-06T11:00:24Z,2026-09-06T12:05:24Z,q1401,"Fixed costs are $78,000.00. Each unit sells for $56.00 with a variable cost of $13.00. How many units must be sold to break even?","1,393 units","1,130 units","1,814 units","6,000 units"
113,5,2026-09-06T11:00:24Z,2026-09-06T12:05:24Z,q1342,"An investment of $23,500.00 grows at 6% compounded annually. What is its value after 8 years?","$11,280.00","$35,335.31","$34,780.00","$37,455.43"
114,1,2026-09-06T12:00:29Z,2026-09-06T13:05:29Z,q0094,A contract signed on 17 November 2026 has a 376-day settlement period. On what date does it settle?,28 November 2027,28 December 2027,29 November 2027,21 November 2027
114,2,2026-09-06T12:00:29Z,2026-09-06T13:05:29Z,q0186,"Fixed costs are $73,500.00. Each unit sells for $163.00 with a variable cost of $82.00. How many units must be sold to break even?",451 units,896 units,907 units,300 units
114,3,2026-09-06T12:00:29Z,2026-09-06T13:05:29Z,q1175,A retailer sells 901 units at $28.75 each. What is total revenue?,"$26,804.75","$26,191.25","$25,903.75","$25,616.25"
114,4,2026-09-06T12:00:29Z,2026-09-06T13:05:29Z,q0964,"A support queue holds 4 billing tickets, 24 technical tickets and 15 account tickets. If one is drawn at random, what is the probability it is a billing ticket?",65.1%,10.3%,9.3%,55.8%
114,5,2026-09-06T12:00:29Z,2026-09-06T13:05:29Z,q1452,A contract signed on 1 July 2026 has a 149-day settlement period. On what date does it settle?,20 November 2026,27 November 2026,28 November 2026,27 December 2026
115,1,2026-09-06T13:00:25Z,2026-09-06T14:05:25Z,q0973,"A monthly headcount series runs 17, 26, 35, 44, 53. If the pattern continues, what is the next value?",53,71,62,80
115,2,2026-09-06T13:00:25Z,2026-09-06T14:05:25Z,q0359,A retailer sells 843 units at $85.88 each. What is total revenue?,"$71,538.04","$73,255.64","$72,396.84","$73,239.84"
115,3,2026-09-06T13:00:25Z,2026-09-06T14:05:25Z,q0216,"A support queue holds 11 billing tickets, 6 technical tickets and 13 account tickets. If one is drawn at random, what is the probability it is a billing ticket?",56.7%,20.0%,36.7%,57.9%
115,4,2026-09-06T13:00:25Z,2026-09-06T14:05:25Z,q0113,"An investment of $26,500.00 grows at 4% compounded annually. What is its value after 7 years?","$33,920.00","$7,420.00","$34,872.19","$33,530.95"
115,5,2026-09-06T13:00:25Z,2026-09-06T14:05:25Z,q0664,"A monthly headcount series runs 31, 48, 65, 82, 99. If the pattern continues, what is the next value?",99,150,116,133
116,1,2026-09-06T14:00:25Z,2026-09-06T15:05:25Z,q0518,"Fixed costs are $12,500.00. Each unit sells for $40.00 with a variable cost of $14.00. How many units must be sold to break even?",231 units,893 units,481 units,312 units
116,2,2026-09-06T14:00:25Z,2026-09-06T15:05:25Z,q1286,"An invoice for $5,342.36 is settled at an exchange rate of 1.3240. What is the converted amount?","6,539.05","7,073.28","7,607.52","4,035.02"
116,3,2026-09-06T14:00:25Z,2026-09-06T15:05:25Z,q0415,A contract signed on 25 June 2026 has a 333-day settlement period. On what date does it settle?,24 May 2027,23 June 2027,25 May 2027,17 May 2027
116,4,2026-09-06T14:00:25Z,2026-09-06T15:05:25Z,q0892,A $630.00 marketing budget is split between two channels in the ratio 4:3. What does the first channel receive?,$360.00,$90.00,$270.00,$840.00
116,5,2026-09-06T14:00:25Z,2026-09-06T15:05:25Z,q1257,"A support queue holds 21 billing tickets, 13 technical tickets and 8 account tickets. If one is drawn at random, what is the probability it is a billing ticket?",50.0%,31.0%,81.0%,100.0%
117,1,2026-09-06T15:00:21Z,2026-09-06T16:05:21Z,q1053,Region A had 128 orders averaging $48.00; region B had 17 orders averaging $91.00. What is the overall average order value?,69.50,85.96,60.09,53.04
117,2,2026-09-06T15:00:21Z,2026-09-06T16:05:21Z,q1081,A retailer sells 733 units at $63.32 each. What is total revenue?,"$47,146.56","$47,046.76","$46,413.56","$45,780.36"
117,3,2026-09-06T15:00:21Z,2026-09-06T16:05:21Z,q1295,An item listed at $402.00 is discounted by 10%. What is the sale price?,$392.00,$442.20,$40.20,$361.80
117,4,2026-09-06T15:00:21Z,2026-09-06T16:05:21Z,q1513,A $900.00 marketing budget is split between two channels in the ratio 7:8. What does the first channel receive?,$60.00,$420.00,$787.50,$480.00
117,5,2026-09-06T15:00:21Z,2026-09-06T16:05:21Z,q0638,"An invoice for $7,604.56 is settled at an exchange rate of 1.6424. What is the converted amount?","12,489.73","11,729.27","4,630.15","13,250.19"
118,1,2026-09-06T16:00:25Z,2026-09-06T17:05:25Z,q0009,"A monthly headcount series runs 11, 20, 29, 38, 47. If the pattern continues, what is the next value?",47,65,56,74
118,2,2026-09-06T16:00:25Z,2026-09-06T17:05:25Z,q0098,"Quarterly revenue moved from $4,150.00 to $5,857.00. What is the percentage change?",29.1%,41.1%,141.1%,-41.1%
118,3,2026-09-06T16:00:25Z,2026-09-06T17:05:25Z,q0087,"A product line generates $16,500.00 in revenue against $7,652.95 in cost of goods sold. What is the gross margin?",46.4%,115.6%,53.6%,36.6%
118,4,2026-09-06T16:00:25Z,2026-09-06T17:05:25Z,q1509,"An invoice for $1,901.01 is settled at an exchange rate of 1.5423. What is the converted amount?","3,122.03","2,931.93","1,232.58","2,741.83"
118,5,2026-09-06T16:00:25Z,2026-09-06T17:05:25Z,q0720,"Fixed costs are $8,500.00. Each unit sells for $88.00 with a variable cost of $52.00. How many units must be sold to break even?",236 units,97 units,163 units,61 units
119,1,2026-09-06T17:00:24Z,2026-09-06T18:05:24Z,q0852,"An invoice for $5,142.03 is settled at an exchange rate of 1.8382. What is the converted amount?","9,966.28","2,797.32","8,937.88","9,452.08"
119,2,2026-09-06T17:00:24Z,2026-09-06T18:05:24Z,q0826,"An investment of $20,000.00 grows at 14% compounded annually. What is its value after 3 years?","$25,992.00","$8,400.00","$28,400.00","$29,630.88"
119,3,2026-09-06T17:00:24Z,2026-09-06T18:05:24Z,q0578,"An invoice for $2,548.49 is settled at an exchange rate of 1.5764. What is the converted amount?","3,762.59","4,017.44","4,272.29","1,616.65"
119,4,2026-09-06T17:00:24Z,2026-09-06T18:05:24Z,q0928,A $990.00 marketing budget is split between two channels in the ratio 4:8. What does the first channel receive?,$330.00,$82.50,$660.00,$495.00
119,5,2026-09-06T17:00:24Z,2026-09-06T18:05:24Z,q1250,"An investment of $11,000.00 grows at 12% compounded annually. What is its value after 2 years?","$2,640.00","$12,320.00","$13,640.00","$13,798.40"
120,1,2026-09-06T18:00:25Z,2026-09-06T19:05:25Z,q0768,"Fixed costs are $64,000.00. Each unit sells for $36.00 with a variable cost of $13.00. How many units must be sold to break even?","1,306 units","1,778 units","4,923 units","2,783 units"
120,2,2026-09-06T18:00:25Z,2026-09-06T19:05:25Z,q1098,"Fixed costs are $39,500.00. Each unit sells for $168.00 with a variable cost of $51.00. How many units must be sold to break even?",338 units,775 units,235 units,180 units
120,3,2026-09-06T18:00:25Z,2026-09-06T19:05:25Z,q0365,"An invoice for $5,835.09 is settled at an exchange rate of 1.8768. What is the converted amount?","3,109.06","10,367.79","11,534.81","10,951.30"
120,4,2026-09-06T18:00:25Z,2026-09-06T19:05:25Z,q0481,An item listed at $654.38 is discounted by 45%. What is the sale price?,$609.38,$359.91,$948.85,$294.47
120,5,2026-09-06T18:00:25Z,2026-09-06T19:05:25Z,q1273,"An investment of $7,500.00 grows at 8% compounded annually. What is its value after 7 years?","$11,700.00","$12,853.68","$4,200.00","$11,901.56"
121,1,2026-09-06T19:00:22Z,2026-09-06T20:05:22Z,q1334,"A monthly headcount series runs 7, 15, 23, 31, 39. If the pattern continues, what is the next value?",63,55,47,39
121,2,2026-09-06T19:00:22Z,2026-09-06T20:05:22Z,q1324,A $660.00 marketing budget is split between two channels in the ratio 3:4. What does the first channel receive?,$282.86,$94.29,$495.00,$377.14
121,3,2026-09-06T19:00:22Z,2026-09-06T20:05:22Z,q0290,"A product line generates $21,750.00 in revenue against $13,393.27 in cost of goods sold. What is the gross margin?",23.8%,62.4%,61.6%,38.4%
121,4,2026-09-06T19:00:22Z,2026-09-06T20:05:22Z,q0861,An item listed at $488.31 is discounted by 10%. What is the sale price?,$48.83,$537.14,$478.31,$439.48
121,5,2026-09-06T19:00:22Z,2026-09-06T20:05:22Z,q0806,"A monthly headcount series runs 35, 48, 61, 74, 87. If the pattern continues, what is the next value?",113,87,126,100
122,1,2026-09-06T20:00:22Z,2026-09-06T21:05:22Z,q0049,A retailer sells 961 units at $30.45 each. What is total revenue?,"$29,566.95","$28,957.95","$29,262.45","$30,223.45"
122,2,2026-09-06T20:00:22Z,2026-09-06T21:05:22Z,q1607,A contract signed on 2 September 2026 has a 300-day settlement period. On what date does it settle?,29 July 2027,30 June 2027,22 June 2027,29 June 2027
122,3,2026-09-06T20:00:22Z,2026-09-06T21:05:22Z,q0637,"Fixed costs are $70,500.00. Each unit sells for $190.00 with a variable cost of $94.00. How many units must be sold to break even?",750 units,734 units,248 units,371 units
122,4,2026-09-06T20:00:22Z,2026-09-06T21:05:22Z,q0503,"Quarterly revenue moved from $2,650.00 to $4,103.00. What is the percentage change?",154.8%,35.4%,-54.8%,54.8%
122,5,2026-09-06T20:00:22Z,2026-09-06T21:05:22Z,q0815,"Fixed costs are $26,000.00. Each unit sells for $194.00 with a variable cost of $109.00. How many units must be sold to break even?",306 units,134 units,86 units,239 units
123,1,2026-09-06T21:00:21Z,2026-09-06T22:05:21Z,q1310,"An invoice for $1,878.13 is settled at an exchange rate of 1.6772. What is the converted amount?","1,119.80","2,962.19","3,337.81","3,150.00"
123,2,2026-09-06T21:00:21Z,2026-09-06T22:05:21Z,q1357,Region A had 90 orders averaging $81.00; region B had 156 orders averaging $46.00. What is the overall average order value?,68.20,58.80,63.50,92.73
123,3,2026-09-06T21:00:21Z,2026-09-06T22:05:21Z,q0932,"A product line generates $36,000.00 in revenue against $24,256.22 in cost of goods sold. What is the gross margin?",48.4%,32.6%,19.5%,67.4%
123,4,2026-09-06T21:00:21Z,2026-09-06T22:05:21Z,q1636,"A product line generates $83,750.00 in revenue against $63,750.45 in cost of goods sold. What is the gross margin?",76.1%,13.6%,31.4%,23.9%
123,5,2026-09-06T21:00:21Z,2026-09-06T22:05:21Z,q0833,"A support queue holds 7 billing tickets, 5 technical tickets and 3 account tickets. If one is drawn at random, what is the probability it is a billing ticket?",33.3%,80.0%,46.7%,87.5%
124,1,2026-09-06T22:00:24Z,2026-09-06T23:05:24Z,q0688,"A monthly headcount series runs 18, 22, 26, 30, 34. If the pattern continues, what is the next value?",34,42,46,38
124,2,2026-09-06T22:00:24Z,2026-09-06T23:05:24Z,q0675,Region A had 191 orders averaging $37.00; region B had 82 orders averaging $43.00. What is the overall average order value?,40.00,41.20,55.46,38.80
124,3,2026-09-06T22:00:24Z,2026-09-06T23:05:24Z,q0880,"A $8,760.00 marketing budget is split between two channels in the ratio 3:4. What does the first channel receive?","$3,754.29","$5,005.71","$1,251.43","$6,570.00"
124,4,2026-09-06T22:00:24Z,2026-09-06T23:05:24Z,q0721,"An invoice for $8,520.54 is settled at an exchange rate of 1.1298. What is the converted amount?","10,478.56","7,541.64","8,774.45","9,626.51"
124,5,2026-09-06T22:00:24Z,2026-09-06T23:05:24Z,q1501,A $720.00 marketing budget is split between two channels in the ratio 3:4. What does the first channel receive?,$102.86,$411.43,$540.00,$308.57
125,1,2026-09-06T23:00:23Z,2026-09-07T00:05:23Z,q1566,"An investment of $20,500.00 grows at 3% compounded annually. What is its value after 5 years?","$23,072.93","$23,575.00","$23,765.12","$3,075.00"
125,2,2026-09-06T23:00:23Z,2026-09-07T00:05:23Z,q1219,A contract signed on 21 January 2026 has a 136-day settlement period. On what date does it settle?,30 May 2026,6 July 2026,7 June 2026,6 June 2026
125,3,2026-09-06T23:00:23Z,2026-09-07T00:05:23Z,q1396,A retailer sells 204 units at $64.35 each. What is total revenue?,"$13,127.40","$13,331.40","$13,770.90","$12,483.90"
125,4,2026-09-06T23:00:23Z,2026-09-07T00:05:23Z,q0685,"Fixed costs are $19,000.00. Each unit sells for $173.00 with a variable cost of $120.00. How many units must be sold to break even?",110 units,358 units,65 units,158 units
125,5,2026-09-06T23:00:23Z,2026-09-07T00:05:23Z,q1598,A retailer sells 169 units at $39.56 each. What is total revenue?,"$6,685.64","$7,081.24","$6,290.04","$6,854.64"
126,1,2026-09-07T00:00:22Z,2026-09-07T01:05:22Z,q0020,Region A had 130 orders averaging $93.00; region B had 121 orders averaging $40.00. What is the overall average order value?,65.55,66.50,67.45,130.23
126,2,2026-09-07T00:00:22Z,2026-09-07T01:05:22Z,q1574,A retailer sells 555 units at $38.52 each. What is total revenue?,"$21,763.80","$20,993.40","$21,933.60","$21,378.60"
126,3,2026-09-07T00:00:22Z,2026-09-07T01:05:22Z,q1490,"A support queue holds 15 billing tickets, 17 technical tickets and 13 account tickets. If one is drawn at random, what is the probability it is a billing ticket?",50.0%,37.8%,71.1%,33.3%
126,4,2026-09-07T00:00:22Z,2026-09-07T01:05:22Z,q1306,"A product line generates $24,000.00 in revenue against $15,346.69 in cost of goods sold. What is the gross margin?",63.9%,36.1%,22.0%,56.4%
126,5,2026-09-07T00:00:22Z,2026-09-07T01:05:22Z,q0564,"An investment of $32,000.00 grows at 6% compounded annually. What is its value after 5 years?","$40,399.26","$42,823.22","$41,600.00","$9,600.00"
127,1,2026-09-07T01:00:26Z,2026-09-07T02:05:26Z,q0116,Region A had 37 orders averaging $54.00; region B had 29 orders averaging $92.00. What is the overall average order value?,75.30,70.70,73.00,126.11
127,2,2026-09-07T01:00:26Z,2026-09-07T02:05:26Z,q1351,"Quarterly revenue moved from $4,600.00 to $2,968.00. What is the percentage change?",-55.0%,64.5%,-35.5%,35.5%
127,3,2026-09-07T01:00:26Z,2026-09-07T02:05:26Z,q1424,"An investment of $16,500.00 grows at 9% compounded annually. What is its value after 5 years?","$23,291.10","$7,425.00","$25,387.30","$23,925.00"
127,4,2026-09-07T01:00:26Z,2026-09-07T02:05:26Z,q0322,"A $6,120.00 marketing budget is split between two channels in the ratio 2:4. What does the first channel receive?","$3,060.00","$1,020.00","$4,080.00","$2,040.00"
127,5,2026-09-07T01:00:26Z,2026-09-07T02:05:26Z,q0202,A contract signed on 6 February 2026 has a 326-day settlement period. On what date does it settle?,28 January 2027,29 December 2026,22 December 2026,30 December 2026
128,1,2026-09-07T02:00:26Z,2026-09-07T03:05:26Z,q0846,A retailer sells 519 units at $79.04 each. What is total revenue?,"$41,812.16","$40,231.36","$41,021.76","$41,540.76"
128,2,2026-09-07T02:00:26Z,2026-09-07T03:05:26Z,q1242,"A monthly headcount series runs 22, 29, 36, 43, 50. If the pattern continues, what is the next value?",57,71,64,50
128,3,2026-09-07T02:00:26Z,2026-09-07T03:05:26Z,q0801,An item listed at $175.82 is discounted by 10%. What is the sale price?,$193.40,$17.58,$158.24,$165.82
128,4,2026-09-07T02:00:26Z,2026-09-07T03:05:26Z,q1651,"Fixed costs are $37,000.00. Each unit sells for $163.00 with a variable cost of $125.00. How many units must be sold to break even?",296 units,128 units,227 units,974 units
128,5,2026-09-07T02:00:26Z,2026-09-07T03:05:26Z,q0422,"An investment of $26,000.00 grows at 5% compounded annually. What is its value after 3 years?","$30,098.25","$28,665.00","$3,900.00","$29,900.00"
129,1,2026-09-07T03:00:25Z,2026-09-07T04:05:25Z,q0457,An item listed at $361.48 is discounted by 15%. What is the sale price?,$346.48,$415.70,$307.26,$54.22
129,2,2026-09-07T03:00:25Z,2026-09-07T04:05:25Z,q1200,"A product line generates $50,000.00 in revenue against $37,197.61 in cost of goods sold. What is the gross margin?",14.7%,34.4%,74.4%,25.6%
129,3,2026-09-07T03:00:25Z,2026-09-07T04:05:25Z,q0471,"Fixed costs are $15,500.00. Each unit sells for $146.00 with a variable cost of $125.00. How many units must be sold to break even?",124 units,106 units,57 units,738 units
129,4,2026-09-07T03:00:25Z,2026-09-07T04:05:25Z,q0941,"A support queue holds 18 billing tickets, 25 technical tickets and 14 account tickets. If one is drawn at random, what is the probability it is a billing ticket?",43.9%,75.4%,31.6%,46.2%
129,5,2026-09-07T03:00:25Z,2026-09-07T04:05:25Z,q0636,"An investment of $41,000.00 grows at 14% compounded annually. What is its value after 3 years?","$58,220.00","$17,220.00","$53,283.60","$60,743.30"
130,1,2026-09-07T04:00:25Z,2026-09-07T05:05:25Z,q1441,A contract signed on 10 November 2026 has a 123-day settlement period. On what date does it settle?,13 March 2027,14 March 2027,6 March 2027,12 April 2027
130,2,2026-09-07T04:00:25Z,2026-09-07T05:05:25Z,q0593,A contract signed on 7 December 2026 has a 191-day settlement period. On what date does it settle?,17 June 2027,16 June 2027,9 June 2027,16 July 2027
130,3,2026-09-07T04:00:25Z,2026-09-07T05:05:25Z,q0162,"Fixed costs are $5,500.00. Each unit sells for $177.00 with a variable cost of $157.00. How many units must be sold to break even?",31 units,275 units,35 units,16 units
130,4,2026-09-07T04:00:25Z,2026-09-07T05:05:25Z,q0529,"An investment of $21,500.00 grows at 4% compounded annually. What is its value after 4 years?","$24,940.00","$3,440.00","$25,151.96","$24,184.58"
130,5,2026-09-07T04:00:25Z,2026-09-07T05:05:25Z,q1583,A contract signed on 24 April 2026 has a 391-day settlement period. On what date does it settle?,20 May 2027,19 June 2027,21 May 2027,13 May 2027
131,1,2026-09-07T05:00:21Z,2026-09-07T06:05:21Z,q0773,"A $8,310.00 marketing budget is split between two channels in the ratio 5:2. What does the first channel receive?","$20,775.00","$5,935.71","$2,374.29","$1,187.14"
131,2,2026-09-07T05:00:21Z,2026-09-07T06:05:21Z,q1674,"Fixed costs are $33,500.00. Each unit sells for $184.00 with a variable cost of $87.00. How many units must be sold to break even?",345 units,124 units,182 units,385 units
131,3,2026-09-07T05:00:21Z,2026-09-07T06:05:21Z,q1366,"Fixed costs are $58,500.00. Each unit sells for $34.00 with a variable cost of $12.00. How many units must be sold to break even?","1,721 units","2,659 units","4,875 units","1,272 units"
131,4,2026-09-07T05:00:21Z,2026-09-07T06:05:21Z,q1259,"Quarterly revenue moved from $3,200.00 to $4,277.00. What is the percentage change?",25.2%,-33.7%,33.7%,133.7%
131,5,2026-09-07T05:00:21Z,2026-09-07T06:05:21Z,q1550,A retailer sells 594 units at $31.72 each. What is total revenue?,"$18,841.68","$18,524.48","$19,158.88","$19,435.68"
132,1,2026-09-07T06:00:21Z,2026-09-07T07:05:21Z,q1293,Quarterly revenue moved from $700.00 to $591.00. What is the percentage change?,15.6%,-18.4%,-15.6%,84.4%
132,2,2026-09-07T06:00:21Z,2026-09-07T07:05:21Z,q0168,"A support queue holds 16 billing tickets, 18 technical tickets and 9 account tickets. If one is drawn at random, what is the probability it is a billing ticket?",79.1%,37.2%,41.9%,59.3%
132,3,2026-09-07T06:00:21Z,2026-09-07T07:05:21Z,q0026,"Quarterly revenue moved from $2,250.00 to $1,804.00. What is the percentage change?",19.8%,-24.7%,-19.8%,80.2%
132,4,2026-09-07T06:00:21Z,2026-09-07T07:05:21Z,q1507,"An investment of $18,000.00 grows at 10% compounded annually. What is its value after 5 years?","$26,353.80","$27,000.00","$28,989.18","$9,000.00"
132,5,2026-09-07T06:00:21Z,2026-09-07T07:05:21Z,q1225,An item listed at $446.50 is discounted by 20%. What is the sale price?,$426.50,$535.80,$89.30,$357.20
133,1,2026-09-07T07:00:21Z,2026-09-07T08:05:21Z,q0123,"A product line generates $16,750.00 in revenue against $9,754.56 in cost of goods sold. What is the gross margin?",71.7%,26.4%,41.8%,58.2%
133,2,2026-09-07T07:00:21Z,2026-09-07T08:05:21Z,q0464,A $720.00 marketing budget is split between two channels in the ratio 4:3. What does the first channel receive?,$411.43,$102.86,$308.57,$960.00
133,3,2026-09-07T07:00:21Z,2026-09-07T08:05:21Z,q0156,"A support queue holds 10 billing tickets, 23 technical tickets and 14 account tickets. If one is drawn at random, what is the probability it is a billing ticket?",48.9%,21.3%,70.2%,27.0%
133,4,2026-09-07T07:00:21Z,2026-09-07T08:05:21Z,q0226,A contract signed on 21 January 2026 has a 336-day settlement period. On what date does it settle?,24 December 2026,22 January 2027,23 December 2026,16 December 2026
133,5,2026-09-07T07:00:21Z,2026-09-07T08:05:21Z,q0491,"Quarterly revenue moved from $3,950.00 to $2,642.00. What is the percentage change?",66.9%,-33.1%,-49.5%,33.1%
134,1,2026-09-07T08:00:25Z,2026-09-07T09:05:25Z,q1185,"A support queue holds 9 billing tickets, 13 technical tickets and 15 account tickets. If one is drawn at random, what is the probability it is a billing ticket?",32.1%,24.3%,35.1%,59.5%
134,2,2026-09-07T08:00:25Z,2026-09-07T09:05:25Z,q0165,"A monthly headcount series runs 20, 25, 30, 35, 40. If the pattern continues, what is the next value?",55,40,45,50
134,3,2026-09-07T08:00:25Z,2026-09-07T09:05:25Z,q0129,"A monthly headcount series runs 38, 52, 66, 80, 94. If the pattern continues, what is the next value?",108,94,136,122
134,4,2026-09-07T08:00:25Z,2026-09-07T09:05:25Z,q0990,"Quarterly revenue moved from $4,950.00 to $7,799.00. What is the percentage change?",-57.6%,36.5%,57.6%,157.6%
134,5,2026-09-07T08:00:25Z,2026-09-07T09:05:25Z,q0574,"A product line generates $9,750.00 in revenue against $7,711.73 in cost of goods sold. What is the gross margin?",26.4%,11.7%,20.9%,79.1%
135,1,2026-09-07T09:00:27Z,2026-09-07T10:05:27Z,q0507,"Fixed costs are $21,500.00. Each unit sells for $83.00 with a variable cost of $61.00. How many units must be sold to break even?",149 units,352 units,977 units,259 units
135,2,2026-09-07T09:00:27Z,2026-09-07T10:05:27Z,q0610,"A product line generates $81,000.00 in revenue against $41,088.43 in cost of goods sold. What is the gross margin?",50.7%,32.7%,49.3%,97.1%
135,3,2026-09-07T09:00:27Z,2026-09-07T10:05:27Z,q1346,"A monthly headcount series runs 17, 23, 29, 35, 41. If the pattern continues, what is the next value?",47,53,41,59
135,4,2026-09-07T09:00:27Z,2026-09-07T10:05:27Z,q1621,"A support queue holds 13 billing tickets, 20 technical tickets and 8 account tickets. If one is drawn at random, what is the probability it is a billing ticket?",48.8%,46.4%,31.7%,80.5%
135,5,2026-09-07T09:00:27Z,2026-09-07T10:05:27Z,q1101,"A monthly headcount series runs 14, 31, 48, 65, 82. If the pattern continues, what is the next value?",133,99,116,82
136,1,2026-09-07T10:00:25Z,2026-09-07T11:05:25Z,q1303,"A support queue holds 18 billing tickets, 4 technical tickets and 9 account tickets. If one is drawn at random, what is the probability it is a billing ticket?",71.0%,12.9%,138.5%,58.1%
136,2,2026-09-07T10:00:25Z,2026-09-07T11:05:25Z,q0525,A retailer sells 792 units at $29.01 each. What is total revenue?,"$22,975.92","$23,767.92","$22,685.82","$23,266.02"
136,3,2026-09-07T10:00:25Z,2026-09-07T11:05:25Z,q0197,"An investment of $8,500.00 grows at 12% compounded annually. What is its value after 5 years?","$13,374.91","$5,100.00","$14,979.90","$13,600.00"
136,4,2026-09-07T10:00:25Z,2026-09-07T11:05:25Z,q0385,"A product line generates $75,750.00 in revenue against $37,756.46 in cost of goods sold. What is the gross margin?",100.6%,49.8%,33.5%,50.2%
136,5,2026-09-07T10:00:25Z,2026-09-07T11:05:25Z,q0018,"Fixed costs are $32,500.00. Each unit sells for $141.00 with a variable cost of $104.00. How many units must be sold to break even?",133 units,312 units,878 units,230 units
137,1,2026-09-07T11:00:23Z,2026-09-07T12:05:23Z,q1395,"A support queue holds 21 billing tickets, 4 technical tickets and 8 account tickets. If one is drawn at random, what is the probability it is a billing ticket?",12.1%,175.0%,75.8%,63.6%
137,2,2026-09-07T11:00:23Z,2026-09-07T12:05:23Z,q1339,Quarterly revenue moved from $500.00 to $611.00. What is the percentage change?,22.2%,-22.2%,18.2%,122.2%
137,3,2026-09-07T11:00:23Z,2026-09-07T12:05:23Z,q1551,"Quarterly revenue moved from $2,850.00 to $4,509.00. What is the percentage change?",58.2%,-58.2%,158.2%,36.8%
137,4,2026-09-07T11:00:23Z,2026-09-07T12:05:23Z,q1626,"An investment of $48,500.00 grows at 4% compounded annually. What is its value after 8 years?","$64,020.00","$66,375.60","$15,520.00","$63,822.69"
137,5,2026-09-07T11:00:23Z,2026-09-07T12:05:23Z,q1176,"Quarterly revenue moved from $4,050.00 to $2,717.00. What is the percentage change?",67.1%,32.9%,-49.1%,-32.9%
138,1,2026-09-07T12:00:22Z,2026-09-07T13:05:22Z,q0767,"An investment of $13,000.00 grows at 9% compounded annually. What is its value after 5 years?","$18,350.56","$18,850.00","$20,002.11","$5,850.00"
138,2,2026-09-07T12:00:22Z,2026-09-07T13:05:22Z,q1417,A contract signed on 23 September 2026 has a 32-day settlement period. On what date does it settle?,24 November 2026,25 October 2026,18 October 2026,26 October 2026
138,3,2026-09-07T12:00:22Z,2026-09-07T13:05:22Z,q0832,"A $5,580.00 marketing budget is split between two channels in the ratio 3:2. What does the first channel receive?","$1,116.00","$2,232.00","$3,348.00","$8,370.00"
138,4,2026-09-07T12:00:22Z,2026-09-07T13:05:22Z,q1663,"Fixed costs are $8,000.00. Each unit sells for $65.00 with a variable cost of $18.00. How many units must be sold to break even?",96 units,123 units,444 units,170 units
138,5,2026-09-07T12:00:22Z,2026-09-07T13:05:22Z,q0889,Region A had 85 orders averaging $85.00; region B had 153 orders averaging $57.00. What is the overall average order value?,67.00,71.00,75.00,104.22
139,1,2026-09-07T13:00:26Z,2026-09-07T14:05:26Z,q0160,An item listed at $320.28 is discounted by 10%. What is the sale price?,$310.28,$32.03,$352.31,$288.25
139,2,2026-09-07T13:00:26Z,2026-09-07T14:05:26Z,q0922,"An investment of $36,000.00 grows at 7% compounded annually. What is its value after 7 years?","$53,640.00","$57,808.13","$54,026.29","$17,640.00"
139,3,2026-09-07T13:00:26Z,2026-09-07T14:05:26Z,q0843,A contract signed on 12 November 2026 has a 342-day settlement period. On what date does it settle?,19 November 2027,13 October 2027,20 October 2027,21 October 2027
139,4,2026-09-07T13:00:26Z,2026-09-07T14:05:26Z,q1421,"Quarterly revenue moved from $3,200.00 to $4,815.00. What is the percentage change?",50.5%,-50.5%,33.5%,150.5%
139,5,2026-09-07T13:00:26Z,2026-09-07T14:05:26Z,q1671,"A product line generates $43,000.00 in revenue against $34,621.25 in cost of goods sold. What is the gross margin?",24.2%,19.5%,80.5%,10.8%
140,1,2026-09-07T14:00:22Z,2026-09-07T15:05:22Z,q0571,"A support queue holds 7 billing tickets, 24 technical tickets and 5 account tickets. If one is drawn at random, what is the probability it is a billing ticket?",19.4%,66.7%,24.1%,86.1%
140,2,2026-09-07T14:00:22Z,2026-09-07T15:05:22Z,q1181,"An invoice for $6,444.98 is settled at an exchange rate of 1.8521. What is the converted amount?","11,936.75","11,292.25","12,581.25","3,479.82"
140,3,2026-09-07T14:00:22Z,2026-09-07T15:05:22Z,q1262,"An investment of $21,000.00 grows at 6% compounded annually. What is its value after 2 years?","$2,520.00","$23,520.00","$22,260.00","$23,595.60"
140,4,2026-09-07T14:00:22Z,2026-09-07T15:05:22Z,q1419,"A support queue holds 7 billing tickets, 22 technical tickets and 5 account tickets. If one is drawn at random, what is the probability it is a billing ticket?",64.7%,85.3%,25.9%,20.6%
140,5,2026-09-07T14:00:22Z,2026-09-07T15:05:22Z,q0074,"Quarterly revenue moved from $2,900.00 to $4,133.00. What is the percentage change?",42.5%,29.8%,-42.5%,142.5%
141,1,2026-09-07T15:00:24Z,2026-09-07T16:05:24Z,q1488,A contract signed on 22 March 2026 has a 89-day settlement period. On what date does it settle?,20 June 2026,12 June 2026,19 June 2026,19 July 2026
141,2,2026-09-07T15:00:24Z,2026-09-07T16:05:24Z,q1141,A retailer sells 614 units at $4.28 each. What is total revenue?,"$3,241.92","$2,627.92","$2,585.12","$2,670.72"
141,3,2026-09-07T15:00:24Z,2026-09-07T16:05:24Z,q0565,"Fixed costs are $56,000.00. Each unit sells for $32.00 with a variable cost of $14.00. How many units must be sold to break even?","3,111 units","1,750 units","4,000 units","1,217 units"
141,4,2026-09-07T15:00:24Z,2026-09-07T16:05:24Z,q1678,A contract signed on 17 November 2026 has a 202-day settlement period. On what date does it settle?,7 June 2027,8 June 2027,7 July 2027,31 May 2027
141,5,2026-09-07T15:00:24Z,2026-09-07T16:05:24Z,q1302,"A $6,000.00 marketing budget is split between two channels in the ratio 3:2. What does the first channel receive?","$2,400.00","$3,600.00","$9,000.00","$1,200.00"
142,1,2026-09-07T16:00:25Z,2026-09-07T17:05:25Z,q0342,An invoice for $273.44 is settled at an exchange rate of 0.9693. What is the converted amount?,237.70,292.39,265.05,282.10
142,2,2026-09-07T16:00:25Z,2026-09-07T17:05:25Z,q0110,"Quarterly revenue moved from $1,300.00 to $1,960.00. What is the percentage change?",33.7%,50.8%,-50.8%,150.8%
142,3,2026-09-07T16:00:25Z,2026-09-07T17:05:25Z,q0441,"A support queue holds 21 billing tickets, 11 technical tickets and 10 account tickets. If one is drawn at random, what is the probability it is a billing ticket?",50.0%,100.0%,76.2%,26.2%
142,4,2026-09-07T16:00:25Z,2026-09-07T17:05:25Z,q1017,"Fixed costs are $59,000.00. Each unit sells for $191.00 with a variable cost of $88.00. How many units must be sold to break even?",309 units,573 units,211 units,670 units
142,5,2026-09-07T16:00:25Z,2026-09-07T17:05:25Z,q0714,"A support queue holds 6 billing tickets, 25 technical tickets and 15 account tickets. If one is drawn at random, what is the probability it is a billing ticket?",15.0%,67.4%,13.0%,54.3%
143,1,2026-09-07T17:00:25Z,2026-09-07T18:05:25Z,q1516,"Quarterly revenue moved from $1,700.00 to $2,086.00. What is the percentage change?",18.5%,22.7%,122.7%,-22.7%
143,2,2026-09-07T17:00:25Z,2026-09-07T18:05:25Z,q0749,"A $8,220.00 marketing budget is split between two channels in the ratio 4:2. What does the first channel receive?","$2,740.00","$16,440.00","$5,480.00","$1,370.00"
143,3,2026-09-07T17:00:25Z,2026-09-07T18:05:25Z,q0452,A $600.00 marketing budget is split between two channels in the ratio 6:4. What does the first channel receive?,$360.00,$900.00,$240.00,$60.00
143,4,2026-09-07T17:00:25Z,2026-09-07T18:05:25Z,q0313,Quarterly revenue moved from $900.00 to $548.00. What is the percentage change?,60.9%,39.1%,-64.2%,-39.1%
143,5,2026-09-07T17:00:25Z,2026-09-07T18:05:25Z,q1113,"A monthly headcount series runs 31, 40, 49, 58, 67. If the pattern continues, what is the next value?",85,67,76,94
144,1,2026-09-07T18:00:21Z,2026-09-07T19:05:21Z,q1384,A retailer sells 193 units at $58.08 each. What is total revenue?,"$10,628.64","$11,790.24","$11,209.44","$11,402.44"
144,2,2026-09-07T18:00:21Z,2026-09-07T19:05:21Z,q0305,"Fixed costs are $5,500.00. Each unit sells for $113.00 with a variable cost of $26.00. How many units must be sold to break even?",212 units,40 units,63 units,49 units
144,3,2026-09-07T18:00:21Z,2026-09-07T19:05:21Z,q0944,"A product line generates $27,500.00 in revenue against $14,425.54 in cost of goods sold. What is the gross margin?",31.2%,90.6%,52.5%,47.5%
144,4,2026-09-07T18:00:21Z,2026-09-07T19:05:21Z,q0547,"A support queue holds 5 billing tickets, 16 technical tickets and 15 account tickets. If one is drawn at random, what is the probability it is a billing ticket?",13.9%,58.3%,44.4%,16.1%
144,5,2026-09-07T18:00:21Z,2026-09-07T19:05:21Z,q1197,"A support queue holds 7 billing tickets, 14 technical tickets and 13 account tickets. If one is drawn at random, what is the probability it is a billing ticket?",20.6%,25.9%,41.2%,61.8%
145,1,2026-09-07T19:00:21Z,2026-09-07T20:05:21Z,q0245,"An investment of $17,000.00 grows at 4% compounded annually. What is its value after 3 years?","$18,387.20","$19,040.00","$19,122.69","$2,040.00"
145,2,2026-09-07T19:00:21Z,2026-09-07T20:05:21Z,q0371,A retailer sells 919 units at $22.34 each. What is total revenue?,"$20,307.06","$20,530.46","$21,449.46","$20,753.86"
145,3,2026-09-07T19:00:21Z,2026-09-07T20:05:21Z,q0037,A retailer sells 500 units at $35.79 each. What is total revenue?,"$17,895.00","$18,395.00","$17,537.10","$18,252.90"
145,4,2026-09-07T19:00:21Z,2026-09-07T20:05:21Z,q0530,"Fixed costs are $5,500.00. Each unit sells for $76.00 with a variable cost of $64.00. How many units must be sold to break even?",458 units,39 units,86 units,72 units
145,5,2026-09-07T19:00:21Z,2026-09-07T20:05:21Z,q1444,A retailer sells 566 units at $46.80 each. What is total revenue?,"$26,488.80","$26,956.80","$27,054.80","$26,020.80"
146,1,2026-09-07T20:00:24Z,2026-09-07T21:05:24Z,q0058,A contract signed on 28 April 2026 has a 178-day settlement period. On what date does it settle?,24 October 2026,16 October 2026,22 November 2026,23 October 2026
146,2,2026-09-07T20:00:24Z,2026-09-07T21:05:24Z,q1276,Region A had 117 orders averaging $32.00; region B had 72 orders averaging $64.00. What is the overall average order value?,48.00,44.19,51.81,71.38
146,3,2026-09-07T20:00:24Z,2026-09-07T21:05:24Z,q0508,"An invoice for $7,473.26 is settled at an exchange rate of 1.4526. What is the converted amount?","5,144.75","10,855.66","11,602.98","10,108.33"
146,4,2026-09-07T20:00:24Z,2026-09-07T21:05:24Z,q0242,"Quarterly revenue moved from $4,300.00 to $5,682.00. What is the percentage change?",132.1%,24.3%,-32.1%,32.1%
146,5,2026-09-07T20:00:24Z,2026-09-07T21:05:24Z,q0854,"A monthly headcount series runs 35, 40, 45, 50, 55. If the pattern continues, what is the next value?",55,60,65,70
147,1,2026-09-07T21:00:26Z,2026-09-07T22:05:26Z,q0185,"An investment of $34,000.00 grows at 13% compounded annually. What is its value after 5 years?","$55,436.10","$56,100.00","$22,100.00","$62,642.80"
147,2,2026-09-07T21:00:26Z,2026-09-07T22:05:26Z,q1009,A contract signed on 29 December 2026 has a 171-day settlement period. On what date does it settle?,18 July 2027,11 June 2027,19 June 2027,18 June 2027
147,3,2026-09-07T21:00:26Z,2026-09-07T22:05:26Z,q1313,"A $8,310.00 marketing budget is split between two channels in the ratio 6:2. What does the first channel receive?","$2,077.50","$6,232.50","$24,930.00","$1,038.75"
147,4,2026-09-07T21:00:26Z,2026-09-07T22:05:26Z,q1369,"A monthly headcount series runs 13, 29, 45, 61, 77. If the pattern continues, what is the next value?",77,109,125,93
147,5,2026-09-07T21:00:26Z,2026-09-07T22:05:26Z,q0553,"Fixed costs are $8,000.00. Each unit sells for $147.00 with a variable cost of $72.00. How many units must be sold to break even?",54 units,37 units,107 units,111 units
148,1,2026-09-07T22:00:23Z,2026-09-07T23:05:23Z,q0368,A contract signed on 15 February 2026 has a 394-day settlement period. On what date does it settle?,15 April 2027,16 March 2027,9 March 2027,17 March 2027
148,2,2026-09-07T22:00:23Z,2026-09-07T23:05:23Z,q1363,"A product line generates $12,500.00 in revenue against $7,368.91 in cost of goods sold. What is the gross margin?",25.8%,69.6%,41.0%,59.0%
148,3,2026-09-07T22:00:23Z,2026-09-07T23:05:23Z,q0374,An item listed at $150.36 is discounted by 15%. What is the sale price?,$172.91,$22.55,$135.36,$127.81
148,4,2026-09-07T22:00:23Z,2026-09-07T23:05:23Z,q1460,"Fixed costs are $53,000.00. Each unit sells for $157.00 with a variable cost of $75.00. How many units must be sold to break even?",707 units,646 units,338 units,228 units
148,5,2026-09-07T22:00:23Z,2026-09-07T23:05:23Z,q0337,Quarterly revenue moved from $700.00 to $951.00. What is the percentage change?,35.9%,135.9%,26.4%,-35.9%
149,1,2026-09-07T23:00:22Z,2026-09-08T00:05:22Z,q1014,"A product line generates $77,500.00 in revenue against $54,366.73 in cost of goods sold. What is the gross margin?",42.6%,29.8%,70.2%,17.5%
149,2,2026-09-07T23:00:22Z,2026-09-08T00:05:22Z,q0809,"A support queue holds 21 billing tickets, 11 technical tickets and 13 account tickets. If one is drawn at random, what is the probability it is a billing ticket?",46.7%,87.5%,71.1%,24.4%
149,3,2026-09-07T23:00:22Z,2026-09-08T00:05:22Z,q1565,An item listed at $611.24 is discounted by 25%. What is the sale price?,$764.05,$152.81,$586.24,$458.43
149,4,2026-09-07T23:00:22Z,2026-09-08T00:05:22Z,q1196,"A $8,280.00 marketing budget is split between two channels in the ratio 2:6. What does the first channel receive?","$6,210.00","$2,760.00","$1,035.00","$2,070.00"
149,5,2026-09-07T23:00:22Z,2026-09-08T00:05:22Z,q0980,An item listed at $666.37 is discounted by 20%. What is the sale price?,$646.37,$799.64,$133.27,$533.10
150,1,2026-09-08T00:00:23Z,2026-09-08T01:05:23Z,q1610,A retailer sells 938 units at $51.99 each. What is total revenue?,"$48,766.62","$49,704.62","$49,286.52","$48,246.72"
150,2,2026-09-08T00:00:23Z,2026-09-08T01:05:23Z,q0348,"Quarterly revenue moved from $2,700.00 to $4,235.00. What is the percentage change?",-56.9%,56.9%,156.9%,36.2%
150,3,2026-09-08T00:00:23Z,2026-09-08T01:05:23Z,q0402,"A monthly headcount series runs 28, 42, 56, 70, 84. If the pattern continues, what is the next value?",126,98,84,112
150,4,2026-09-08T00:00:23Z,2026-09-08T01:05:23Z,q0475,A contract signed on 5 January 2026 has a 80-day settlement period. On what date does it settle?,19 March 2026,27 March 2026,25 April 2026,26 March 2026
150,5,2026-09-08T00:00:23Z,2026-09-08T01:05:23Z,q1323,A contract signed on 3 June 2026 has a 209-day settlement period. On what date does it settle?,22 December 2026,29 December 2026,28 January 2027,30 December 2026
151,1,2026-09-08T01:00:25Z,2026-09-08T02:05:25Z,q0044,Region A had 68 orders averaging $77.00; region B had 67 orders averaging $44.00. What is the overall average order value?,60.62,120.35,60.50,60.38
151,2,2026-09-08T01:00:25Z,2026-09-08T02:05:25Z,q1117,A retailer sells 710 units at $84.72 each. What is total revenue?,"$60,998.40","$59,304.00","$60,861.20","$60,151.20"
151,3,2026-09-08T01:00:25Z,2026-09-08T02:05:25Z,q0997,A contract signed on 6 March 2026 has a 318-day settlement period. On what date does it settle?,17 February 2027,11 January 2027,19 January 2027,18 January 2027
151,4,2026-09-08T01:00:25Z,2026-09-08T02:05:25Z,q0443,"Quarterly revenue moved from $4,250.00 to $5,681.00. What is the percentage change?",25.2%,-33.7%,33.7%,133.7%
151,5,2026-09-08T01:00:25Z,2026-09-08T02:05:25Z,q0502,A retailer sells 352 units at $56.80 each. What is total revenue?,"$20,345.60","$19,993.60","$19,425.60","$20,561.60"
152,1,2026-09-08T02:00:23Z,2026-09-08T03:05:23Z,q0126,"Fixed costs are $17,000.00. Each unit sells for $111.00 with a variable cost of $25.00. How many units must be sold to break even?",680 units,153 units,198 units,125 units
152,2,2026-09-08T02:00:23Z,2026-09-08T03:05:23Z,q1032,"A $1,290.00 marketing budget is split between two channels in the ratio 3:7. What does the first channel receive?",$387.00,$129.00,$903.00,$552.86
152,3,2026-09-08T02:00:23Z,2026-09-08T03:05:23Z,q1385,"Quarterly revenue moved from $1,000.00 to $1,398.00. What is the percentage change?",28.5%,39.8%,-39.8%,139.8%
152,4,2026-09-08T02:00:23Z,2026-09-08T03:05:23Z,q1010,"A $1,350.00 marketing budget is split between two channels in the ratio 4:8. What does the first channel receive?",$112.50,$450.00,$675.00,$900.00
152,5,2026-09-08T02:00:23Z,2026-09-08T03:05:23Z,q1482,An item listed at $160.97 is discounted by 25%. What is the sale price?,$40.24,$201.21,$135.97,$120.73
153,1,2026-09-08T03:00:21Z,2026-09-08T04:05:21Z,q1353,An item listed at $51.18 is discounted by 45%. What is the sale price?,$74.21,$23.03,$28.15,$6.18
153,2,2026-09-08T03:00:21Z,2026-09-08T04:05:21Z,q0915,A contract signed on 2 February 2026 has a 123-day settlement period. On what date does it settle?,5 July 2026,5 June 2026,29 May 2026,6 June 2026
153,3,2026-09-08T03:00:21Z,2026-09-08T04:05:21Z,q1348,"A $8,220.00 marketing budget is split between two channels in the ratio 3:4. What does the first channel receive?","$3,522.86","$1,174.29","$4,697.14","$6,165.00"
153,4,2026-09-08T03:00:21Z,2026-09-08T04:05:21Z,q0755,"An investment of $22,500.00 grows at 6% compounded annually. What is its value after 8 years?","$10,800.00","$33,831.68","$33,300.00","$35,861.58"
153,5,2026-09-08T03:00:21Z,2026-09-08T04:05:21Z,q1066,"A monthly headcount series runs 22, 30, 38, 46, 54. If the pattern continues, what is the next value?",62,54,78,70
154,1,2026-09-08T04:00:23Z,2026-09-08T05:05:23Z,q0730,An item listed at $326.21 is discounted by 30%. What is the sale price?,$296.21,$97.86,$424.07,$228.35
154,2,2026-09-08T04:00:23Z,2026-09-08T05:05:23Z,q0029,"An investment of $18,000.00 grows at 15% compounded annually. What is its value after 7 years?","$18,900.00","$47,880.36","$41,635.09","$36,900.00"
154,3,2026-09-08T04:00:23Z,2026-09-08T05:05:23Z,q0515,"A product line generates $41,750.00 in revenue against $32,209.49 in cost of goods sold. What is the gross margin?",29.6%,12.9%,22.9%,77.1%
154,4,2026-09-08T04:00:23Z,2026-09-08T05:05:23Z,q1039,"Fixed costs are $22,500.00. Each unit sells for $160.00 with a variable cost of $79.00. How many units must be sold to break even?",278 units,285 units,141 units,94 units
154,5,2026-09-08T04:00:23Z,2026-09-08T05:05:23Z,q1622,A retailer sells 718 units at $74.73 each. What is total revenue?,"$53,656.14","$54,403.44","$52,908.84","$54,374.14"
155,1,2026-09-08T05:00:23Z,2026-09-08T06:05:23Z,q0235,"An invoice for $3,835.68 is settled at an exchange rate of 1.6769. What is the converted amount?","6,048.48","6,432.05","2,287.36","6,815.62"
155,2,2026-09-08T05:00:23Z,2026-09-08T06:05:23Z,q0256,An item listed at $279.17 is discounted by 15%. What is the sale price?,$237.29,$41.88,$321.05,$264.17
155,3,2026-09-08T05:00:23Z,2026-09-08T06:05:23Z,q0294,"An invoice for $2,346.21 is settled at an exchange rate of 1.7336. What is the converted amount?","4,067.39","4,302.01","3,832.77","1,353.37"
155,4,2026-09-08T05:00:23Z,2026-09-08T06:05:23Z,q0873,An item listed at $490.76 is discounted by 30%. What is the sale price?,$343.53,$460.76,$637.99,$147.23
155,5,2026-09-08T05:00:23Z,2026-09-08T06:05:23Z,q0726,"A support queue holds 10 billing tickets, 17 technical tickets and 6 account tickets. If one is drawn at random, what is the probability it is a billing ticket?",81.8%,43.5%,51.5%,30.3%
156,1,2026-09-08T06:00:26Z,2026-09-08T07:05:26Z,q1133,"An investment of $10,000.00 grows at 15% compounded annually. What is its value after 7 years?","$10,500.00","$23,130.61","$20,500.00","$26,600.20"
156,2,2026-09-08T06:00:26Z,2026-09-08T07:05:26Z,q0642,A $630.00 marketing budget is split between two channels in the ratio 3:6. What does the first channel receive?,$70.00,$210.00,$420.00,$315.00
156,3,2026-09-08T06:00:26Z,2026-09-08T07:05:26Z,q0859,Quarterly revenue moved from $250.00 to $377.00. What is the percentage change?,33.7%,-50.8%,50.8%,150.8%
156,4,2026-09-08T06:00:26Z,2026-09-08T07:05:26Z,q0893,"A support queue holds 14 billing tickets, 21 technical tickets and 12 account tickets. If one is drawn at random, what is the probability it is a billing ticket?",44.7%,74.5%,29.8%,42.4%
156,5,2026-09-08T06:00:26Z,2026-09-08T07:05:26Z,q1364,An item listed at $225.00 is discounted by 25%. What is the sale price?,$281.25,$200.00,$56.25,$168.75
157,1,2026-09-08T07:00:24Z,2026-09-08T08:05:24Z,q0690,A $900.00 marketing budget is split between two channels in the ratio 3:4. What does the first channel receive?,$514.29,$385.71,$128.57,$675.00
157,2,2026-09-08T07:00:24Z,2026-09-08T08:05:24Z,q1314,"A support queue holds 11 billing tickets, 23 technical tickets and 2 account tickets. If one is drawn at random, what is the probability it is a billing ticket?",94.4%,44.0%,30.6%,63.9%
157,3,2026-09-08T07:00:24Z,2026-09-08T08:05:24Z,q0251,"A $6,060.00 marketing budget is split between two channels in the ratio 4:2. What does the first channel receive?","$12,120.00","$4,040.00","$2,020.00","$1,010.00"
157,4,2026-09-08T07:00:24Z,2026-09-08T08:05:24Z,q0386,An item listed at $415.36 is discounted by 10%. What is the sale price?,$41.54,$373.82,$405.36,$456.90
157,5,2026-09-08T07:00:24Z,2026-09-08T08:05:24Z,q0297,A contract signed on 24 May 2026 has a 309-day settlement period. On what date does it settle?,29 March 2027,28 April 2027,22 March 2027,30 March 2027
158,1,2026-09-08T08:00:26Z,2026-09-08T09:05:26Z,q1060,"A product line generates $11,500.00 in revenue against $6,890.30 in cost of goods sold. What is the gross margin?",40.1%,59.9%,25.1%,66.9%
158,2,2026-09-08T08:00:26Z,2026-09-08T09:05:26Z,q0007,"An invoice for $3,235.05 is settled at an exchange rate of 0.8033. What is the converted amount?","2,275.21","2,598.72","4,027.20","2,922.22"
158,3,2026-09-08T08:00:26Z,2026-09-08T09:05:26Z,q0784,"A $1,140.00 marketing budget is split between two channels in the ratio 3:6. What does the first channel receive?",$570.00,$380.00,$760.00,$126.67
158,4,2026-09-08T08:00:26Z,2026-09-08T09:05:26Z,q0363,"An investment of $13,500.00 grows at 8% compounded annually. What is its value after 6 years?","$19,835.93","$6,480.00","$21,422.80","$19,980.00"
158,5,2026-09-08T08:00:26Z,2026-09-08T09:05:26Z,q1399,An item listed at $184.00 is discounted by 10%. What is the sale price?,$174.00,$202.40,$18.40,$165.60
159,1,2026-09-08T09:00:23Z,2026-09-08T10:05:23Z,q1061,An item listed at $83.23 is discounted by 45%. What is the sale price?,$38.23,$120.68,$37.45,$45.78
159,2,2026-09-08T09:00:23Z,2026-09-08T10:05:23Z,q1380,Region A had 32 orders averaging $79.00; region B had 56 orders averaging $34.00. What is the overall average order value?,56.50,50.36,62.64,79.14
159,3,2026-09-08T09:00:23Z,2026-09-08T10:05:23Z,q0686,"An invoice for $7,387.35 is settled at an exchange rate of 1.1562. What is the converted amount?","6,389.34","9,279.99","7,802.52","8,541.25"
159,4,2026-09-08T09:00:23Z,2026-09-08T10:05:23Z,q0598,"A product line generates $47,250.00 in revenue against $29,227.60 in cost of goods sold. What is the gross margin?",61.7%,23.6%,38.1%,61.9%
159,5,2026-09-08T09:00:23Z,2026-09-08T10:05:23Z,q1483,"An investment of $13,000.00 grows at 2% compounded annually. What is its value after 6 years?","$14,353.05","$1,560.00","$14,640.11","$14,560.00"
160,1,2026-09-08T10:00:22Z,2026-09-08T11:05:22Z,q0794,"A monthly headcount series runs 17, 22, 27, 32, 37. If the pattern continues, what is the next value?",42,52,37,47
160,2,2026-09-08T10:00:22Z,2026-09-08T11:05:22Z,q0934,"An investment of $47,500.00 grows at 15% compounded annually. What is its value after 8 years?","$57,000.00","$104,500.00","$145,303.59","$126,350.94"
160,3,2026-09-08T10:00:22Z,2026-09-08T11:05:22Z,q1387,An item listed at $703.81 is discounted by 40%. What is the sale price?,$663.81,$985.33,$281.52,$422.29
160,4,2026-09-08T10:00:22Z,2026-09-08T11:05:22Z,q1042,"A monthly headcount series runs 25, 34, 43, 52, 61. If the pattern continues, what is the next value?",79,88,70,61
160,5,2026-09-08T10:00:22Z,2026-09-08T11:05:22Z,q0904,"A $6,150.00 marketing budget is split between two channels in the ratio 4:2. What does the first channel receive?","$2,050.00","$12,300.00","$4,100.00","$1,025.00"
161,1,2026-09-08T11:00:24Z,2026-09-08T12:05:24Z,q0279,"A product line generates $25,500.00 in revenue against $22,134.20 in cost of goods sold. What is the gross margin?",15.2%,7.1%,13.2%,86.8%
161,2,2026-09-08T11:00:24Z,2026-09-08T12:05:24Z,q1429,A contract signed on 8 July 2026 has a 143-day settlement period. On what date does it settle?,21 November 2026,28 December 2026,28 November 2026,29 November 2026
161,3,2026-09-08T11:00:24Z,2026-09-08T12:05:24Z,q0796,"A $8,040.00 marketing budget is split between two channels in the ratio 2:4. What does the first channel receive?","$5,360.00","$1,340.00","$4,020.00","$2,680.00"
161,4,2026-09-08T11:00:24Z,2026-09-08T12:05:24Z,q0724,A contract signed on 22 March 2026 has a 216-day settlement period. On what date does it settle?,24 October 2026,25 October 2026,17 October 2026,23 November 2026
161,5,2026-09-08T11:00:24Z,2026-09-08T12:05:24Z,q0710,Region A had 42 orders averaging $31.00; region B had 90 orders averaging $86.00. What is the overall average order value?,48.50,68.50,58.50,100.47
162,1,2026-09-08T12:00:23Z,2026-09-08T13:05:23Z,q1471,"An investment of $3,500.00 grows at 10% compounded annually. What is its value after 8 years?","$6,820.51","$7,502.56","$6,300.00","$2,800.00"
162,2,2026-09-08T12:00:23Z,2026-09-08T13:05:23Z,q0278,"Quarterly revenue moved from $3,450.00 to $2,555.00. What is the percentage change?",-25.9%,74.1%,25.9%,-35.0%
162,3,2026-09-08T12:00:23Z,2026-09-08T13:05:23Z,q0237,"A monthly headcount series runs 29, 46, 63, 80, 97. If the pattern continues, what is the next value?",148,114,97,131
162,4,2026-09-08T12:00:23Z,2026-09-08T13:05:23Z,q1489,"A $8,070.00 marketing budget is split between two channels in the ratio 3:2. What does the first channel receive?","$12,105.00","$4,842.00","$3,228.00","$1,614.00"
162,5,2026-09-08T12:00:23Z,2026-09-08T13:05:23Z,q0557,A contract signed on 1 January 2026 has a 141-day settlement period. On what date does it settle?,23 May 2026,21 June 2026,15 May 2026,22 May 2026
163,1,2026-09-08T13:00:28Z,2026-09-08T14:05:28Z,q0759,"A monthly headcount series runs 34, 51, 68, 85, 102. If the pattern continues, what is the next value?",136,119,102,153
163,2,2026-09-08T13:00:28Z,2026-09-08T14:05:28Z,q0808,A $720.00 marketing budget is split between two channels in the ratio 9:8. What does the first channel receive?,$381.18,$810.00,$338.82,$42.35
163,3,2026-09-08T13:00:28Z,2026-09-08T14:05:28Z,q0145,A retailer sells 500 units at $48.77 each. What is total revenue?,"$24,885.00","$23,897.30","$24,872.70","$24,385.00"
163,4,2026-09-08T13:00:28Z,2026-09-08T14:05:28Z,q0680,A retailer sells 208 units at $33.70 each. What is total revenue?,"$7,217.60","$7,346.60","$6,672.60","$7,009.60"
163,5,2026-09-08T13:00:28Z,2026-09-08T14:05:28Z,q1037,An item listed at $510.93 is discounted by 25%. What is the sale price?,$383.20,$638.66,$127.73,$485.93
164,1,2026-09-08T14:00:27Z,2026-09-08T15:05:27Z,q0661,"Fixed costs are $8,500.00. Each unit sells for $32.00 with a variable cost of $12.00. How many units must be sold to break even?",266 units,193 units,425 units,708 units
164,2,2026-09-08T14:00:27Z,2026-09-08T15:05:27Z,q1045,"A support queue holds 10 billing tickets, 25 technical tickets and 5 account tickets. If one is drawn at random, what is the probability it is a billing ticket?",33.3%,62.5%,87.5%,25.0%
164,3,2026-09-08T14:00:27Z,2026-09-08T15:05:27Z,q0505,An item listed at $120.27 is discounted by 10%. What is the sale price?,$108.24,$110.27,$12.03,$132.30
164,4,2026-09-08T14:00:27Z,2026-09-08T15:05:27Z,q1152,A retailer sells 713 units at $51.65 each. What is total revenue?,"$37,539.45","$36,826.45","$36,309.95","$37,342.95"
164,5,2026-09-08T14:00:27Z,2026-09-08T15:05:27Z,q0079,"An invoice for $4,131.12 is settled at an exchange rate of 0.7391. What is the converted amount?","2,640.20","5,589.39","3,053.31","3,466.42"
165,1,2026-09-08T15:00:25Z,2026-09-08T16:05:25Z,q1132,An item listed at $440.22 is discounted by 10%. What is the sale price?,$396.20,$430.22,$44.02,$484.24
165,2,2026-09-08T15:00:25Z,2026-09-08T16:05:25Z,q0521,"A monthly headcount series runs 19, 31, 43, 55, 67. If the pattern continues, what is the next value?",79,103,67,91
165,3,2026-09-08T15:00:25Z,2026-09-08T16:05:25Z,q1617,Region A had 17 orders averaging $93.00; region B had 58 orders averaging $46.00. What is the overall average order value?,56.65,82.35,69.50,73.26
165,4,2026-09-08T15:00:25Z,2026-09-08T16:05:25Z,q0821,"A support queue holds 8 billing tickets, 5 technical tickets and 4 account tickets. If one is drawn at random, what is the probability it is a billing ticket?",47.1%,76.5%,88.9%,29.4%
165,5,2026-09-08T15:00:25Z,2026-09-08T16:05:25Z,q0420,"A product line generates $65,750.00 in revenue against $57,586.47 in cost of goods sold. What is the gross margin?",6.6%,12.4%,87.6%,14.2%
166,1,2026-09-08T16:00:24Z,2026-09-08T17:05:24Z,q0169,A retailer sells 269 units at $51.32 each. What is total revenue?,"$13,291.88","$13,805.08","$14,318.28","$14,074.08"
166,2,2026-09-08T16:00:24Z,2026-09-08T17:05:24Z,q1211,"Quarterly revenue moved from $4,750.00 to $6,857.00. What is the percentage change?",144.4%,44.4%,30.7%,-44.4%
166,3,2026-09-08T16:00:24Z,2026-09-08T17:05:24Z,q1109,"An investment of $24,000.00 grows at 11% compounded annually. What is its value after 5 years?","$37,200.00","$13,200.00","$40,441.40","$36,433.69"
166,4,2026-09-08T16:00:24Z,2026-09-08T17:05:24Z,q0436,"An invoice for $2,991.57 is settled at an exchange rate of 0.8699. What is the converted amount?","3,438.98","2,303.21","2,901.52","2,602.37"
166,5,2026-09-08T16:00:24Z,2026-09-08T17:05:24Z,q0133,A retailer sells 834 units at $59.61 each. What is total revenue?,"$49,118.64","$49,714.74","$50,548.74","$50,310.84"
167,1,2026-09-08T17:00:23Z,2026-09-08T18:05:23Z,q0470,"An investment of $42,000.00 grows at 15% compounded annually. What is its value after 6 years?","$84,477.00","$97,148.55","$79,800.00","$37,800.00"
167,2,2026-09-08T17:00:23Z,2026-09-08T18:05:23Z,q0897,An item listed at $448.04 is discounted by 30%. What is the sale price?,$313.63,$418.04,$582.45,$134.41
167,3,2026-09-08T17:00:23Z,2026-09-08T18:05:23Z,q0506,"An investment of $34,000.00 grows at 12% compounded annually. What is its value after 5 years?","$54,400.00","$59,919.62","$53,499.66","$20,400.00"
167,4,2026-09-08T17:00:23Z,2026-09-08T18:05:23Z,q0673,"Fixed costs are $15,500.00. Each unit sells for $43.00 with a variable cost of $17.00. How many units must be sold to break even?",360 units,258 units,912 units,596 units
167,5,2026-09-08T17:00:23Z,2026-09-08T18:05:23Z,q1129,A retailer sells 205 units at $22.56 each. What is total revenue?,"$4,850.40","$4,399.20","$4,829.80","$4,624.80"
168,1,2026-09-08T18:00:26Z,2026-09-08T19:05:26Z,q0715,A retailer sells 815 units at $14.06 each. What is total revenue?,"$12,273.90","$11,318.30","$11,458.90","$11,599.50"
168,2,2026-09-08T18:00:26Z,2026-09-08T19:05:26Z,q0592,"A monthly headcount series runs 33, 39, 45, 51, 57. If the pattern continues, what is the next value?",75,63,69,57
168,3,2026-09-08T18:00:26Z,2026-09-08T19:05:26Z,q0429,"A support queue holds 25 billing tickets, 5 technical tickets and 9 account tickets. If one is drawn at random, what is the probability it is a billing ticket?",64.1%,12.8%,76.9%,178.6%
168,4,2026-09-08T18:00:26Z,2026-09-08T19:05:26Z,q0940,"A $1,170.00 marketing budget is split between two channels in the ratio 6:8. What does the first channel receive?",$877.50,$501.43,$668.57,$83.57
168,5,2026-09-08T18:00:26Z,2026-09-08T19:05:26Z,q0719,"An investment of $37,500.00 grows at 11% compounded annually. What is its value after 7 years?","$28,875.00","$77,856.01","$70,140.55","$66,375.00"
169,1,2026-09-08T19:00:26Z,2026-09-08T20:05:26Z,q0649,"Fixed costs are $38,000.00. Each unit sells for $130.00 with a variable cost of $59.00. How many units must be sold to break even?",644 units,535 units,292 units,201 units
169,2,2026-09-08T19:00:26Z,2026-09-08T20:05:26Z,q0400,"An invoice for $6,016.19 is settled at an exchange rate of 1.2982. What is the converted amount?","7,810.22","8,411.84","7,208.60","4,634.26"
169,3,2026-09-08T19:00:26Z,2026-09-08T20:05:26Z,q1386,"A product line generates $7,750.00 in revenue against $6,502.92 in cost of goods sold. What is the gross margin?",19.2%,16.1%,8.7%,83.9%
169,4,2026-09-08T19:00:26Z,2026-09-08T20:05:26Z,q1666,A contract signed on 10 January 2026 has a 118-day settlement period. On what date does it settle?,8 May 2026,9 May 2026,7 June 2026,1 May 2026
169,5,2026-09-08T19:00:26Z,2026-09-08T20:05:26Z,q1375,"A product line generates $64,000.00 in revenue against $52,898.07 in cost of goods sold. What is the gross margin?",17.3%,21.0%,9.5%,82.7%
170,1,2026-09-08T20:00:23Z,2026-09-08T21:05:23Z,q0320,"A monthly headcount series runs 7, 16, 25, 34, 43. If the pattern continues, what is the next value?",61,43,70,52
170,2,2026-09-08T20:00:23Z,2026-09-08T21:05:23Z,q0986,A contract signed on 4 December 2026 has a 164-day settlement period. On what date does it settle?,16 June 2027,10 May 2027,17 May 2027,18 May 2027
170,3,2026-09-08T20:00:23Z,2026-09-08T21:05:23Z,q1668,"A support queue holds 5 billing tickets, 6 technical tickets and 10 account tickets. If one is drawn at random, what is the probability it is a billing ticket?",23.8%,28.6%,52.4%,31.2%
170,4,2026-09-08T20:00:23Z,2026-09-08T21:05:23Z,q1023,A retailer sells 195 units at $61.96 each. What is total revenue?,"$12,277.20","$12,701.80","$11,462.60","$12,082.20"
170,5,2026-09-08T20:00:23Z,2026-09-08T21:05:23Z,q0885,An item listed at $598.28 is discounted by 40%. What is the sale price?,$558.28,$837.59,$239.31,$358.97
171,1,2026-09-08T21:00:21Z,2026-09-08T22:05:21Z,q0669,"Quarterly revenue moved from $4,700.00 to $7,030.00. What is the percentage change?",49.6%,33.1%,149.6%,-49.6%
171,2,2026-09-08T21:00:21Z,2026-09-08T22:05:21Z,q1031,A contract signed on 3 February 2026 has a 105-day settlement period. On what date does it settle?,20 May 2026,19 May 2026,12 May 2026,18 June 2026
171,3,2026-09-08T21:00:21Z,2026-09-08T22:05:21Z,q0124,An item listed at $497.76 is discounted by 20%. What is the sale price?,$597.31,$398.21,$99.55,$477.76
171,4,2026-09-08T21:00:21Z,2026-09-08T22:05:21Z,q0318,An invoice for $514.06 is settled at an exchange rate of 1.4796. What is the converted amount?,709.20,760.60,812.01,347.43
171,5,2026-09-08T21:00:21Z,2026-09-08T22:05:21Z,q1665,Region A had 68 orders averaging $88.00; region B had 14 orders averaging $24.00. What is the overall average order value?,77.07,92.94,34.93,56.00
172,1,2026-09-08T22:00:22Z,2026-09-08T23:05:22Z,q0524,"A support queue holds 18 billing tickets, 23 technical tickets and 14 account tickets. If one is drawn at random, what is the probability it is a billing ticket?",74.5%,48.6%,41.8%,32.7%
172,2,2026-09-08T22:00:22Z,2026-09-08T23:05:22Z,q1116,"A support queue holds 14 billing tickets, 21 technical tickets and 6 account tickets. If one is drawn at random, what is the probability it is a billing ticket?",34.1%,51.2%,51.9%,85.4%
172,3,2026-09-08T22:00:22Z,2026-09-08T23:05:22Z,q1024,Quarterly revenue moved from $250.00 to $372.00. What is the percentage change?,32.8%,-48.8%,148.8%,48.8%
172,4,2026-09-08T22:00:22Z,2026-09-08T23:05:22Z,q0987,"A $6,330.00 marketing budget is split between two channels in the ratio 2:3. What does the first channel receive?","$2,532.00","$1,266.00","$3,798.00","$4,220.00"
172,5,2026-09-08T22:00:22Z,2026-09-08T23:05:22Z,q0634,"A product line generates $81,500.00 in revenue against $50,140.76 in cost of goods sold. What is the gross margin?",62.5%,38.5%,23.8%,61.5%
173,1,2026-09-08T23:00:24Z,2026-09-09T00:05:24Z,q1076,"An invoice for $3,887.65 is settled at an exchange rate of 1.6519. What is the converted amount?","6,422.01","6,033.24","2,353.44","6,810.77"
173,2,2026-09-08T23:00:24Z,2026-09-09T00:05:24Z,q1199,"Quarterly revenue moved from $4,300.00 to $5,059.00. What is the percentage change?",117.7%,15.0%,17.7%,-17.7%
173,3,2026-09-08T23:00:24Z,2026-09-09T00:05:24Z,q0878,"A monthly headcount series runs 19, 26, 33, 40, 47. If the pattern continues, what is the next value?",61,68,47,54
173,4,2026-09-08T23:00:24Z,2026-09-09T00:05:24Z,q1255,A contract signed on 4 May 2026 has a 316-day settlement period. On what date does it settle?,9 March 2027,15 April 2027,17 March 2027,16 March 2027
173,5,2026-09-08T23:00:24Z,2026-09-09T00:05:24Z,q1629,Region A had 90 orders averaging $49.00; region B had 19 orders averaging $85.00. What is the overall average order value?,66.94,78.72,55.28,67.00
174,1,2026-09-09T00:00:21Z,2026-09-09T01:05:21Z,q0994,"Fixed costs are $20,500.00. Each unit sells for $150.00 with a variable cost of $28.00. How many units must be sold to break even?",115 units,137 units,732 units,168 units
174,2,2026-09-09T00:00:21Z,2026-09-09T01:05:21Z,q0112,An item listed at $137.58 is discounted by 40%. What is the sale price?,$55.03,$82.55,$192.61,$97.58
174,3,2026-09-09T00:00:21Z,2026-09-09T01:05:21Z,q0850,"An investment of $30,500.00 grows at 14% compounded annually. What is its value after 5 years?","$51,850.00","$58,725.14","$51,513.28","$21,350.00"
174,4,2026-09-09T00:00:21Z,2026-09-09T01:05:21Z,q0130,A contract signed on 18 April 2026 has a 175-day settlement period. On what date does it settle?,10 October 2026,11 October 2026,3 October 2026,9 November 2026
174,5,2026-09-09T00:00:21Z,2026-09-09T01:05:21Z,q1220,"A $8,670.00 marketing budget is split between two channels in the ratio 5:2. What does the first channel receive?","$6,192.86","$21,675.00","$2,477.14","$1,238.57"
175,1,2026-09-09T01:00:21Z,2026-09-09T02:05:21Z,q0868,"A $1,320.00 marketing budget is split between two channels in the ratio 3:6. What does the first channel receive?",$440.00,$146.67,$660.00,$880.00
175,2,2026-09-09T01:00:21Z,2026-09-09T02:05:21Z,q0387,"Fixed costs are $40,500.00. Each unit sells for $106.00 with a variable cost of $58.00. How many units must be sold to break even?",844 units,247 units,698 units,382 units
175,3,2026-09-09T01:00:21Z,2026-09-09T02:05:21Z,q1500,A contract signed on 5 May 2026 has a 269-day settlement period. On what date does it settle?,22 January 2027,28 February 2027,29 January 2027,30 January 2027
175,4,2026-09-09T01:00:21Z,2026-09-09T02:05:21Z,q0528,An item listed at $371.44 is discounted by 5%. What is the sale price?,$366.44,$352.87,$390.01,$18.57
175,5,2026-09-09T01:00:21Z,2026-09-09T02:05:21Z,q0349,"A product line generates $73,750.00 in revenue against $51,301.21 in cost of goods sold. What is the gross margin?",30.4%,18.0%,43.8%,69.6%
176,1,2026-09-09T02:00:23Z,2026-09-09T03:05:23Z,q1169,"An invoice for $8,591.20 is settled at an exchange rate of 0.7750. What is the converted amount?","5,799.06","6,658.18","11,085.42","7,517.30"
176,2,2026-09-09T02:00:23Z,2026-09-09T03:05:23Z,q0223,"An invoice for $8,108.47 is settled at an exchange rate of 1.0138. What is the converted amount?","7,998.10","7,409.52","9,031.21","8,220.37"
176,3,2026-09-09T02:00:23Z,2026-09-09T03:05:23Z,q0853,Region A had 160 orders averaging $72.00; region B had 181 orders averaging $70.00. What is the overall average order value?,133.65,71.06,71.00,70.94
176,4,2026-09-09T02:00:23Z,2026-09-09T03:05:23Z,q0898,"An investment of $11,000.00 grows at 12% compounded annually. What is its value after 5 years?","$17,308.71","$19,385.76","$17,600.00","$6,600.00"
176,5,2026-09-09T02:00:23Z,2026-09-09T03:05:23Z,q0728,"Quarterly revenue moved from $1,450.00 to $1,662.00. What is the percentage change?",12.8%,114.6%,14.6%,-14.6%
177,1,2026-09-09T03:00:25Z,2026-09-09T04:05:25Z,q0469,An item listed at $241.48 is discounted by 45%. What is the sale price?,$108.67,$196.48,$350.15,$132.81
177,2,2026-09-09T03:00:25Z,2026-09-09T04:05:25Z,q0876,"An invoice for $6,228.08 is settled at an exchange rate of 1.3771. What is the converted amount?","9,199.50","7,953.88","4,522.61","8,576.69"
177,3,2026-09-09T03:00:25Z,2026-09-09T04:05:25Z,q0397,An item listed at $671.13 is discounted by 40%. What is the sale price?,$402.68,$268.45,$631.13,$939.58
177,4,2026-09-09T03:00:25Z,2026-09-09T04:05:25Z,q1041,Region A had 159 orders averaging $58.00; region B had 78 orders averaging $79.00. What is the overall average order value?,96.75,72.09,64.91,68.50
177,5,2026-09-09T03:00:25Z,2026-09-09T04:05:25Z,q1555,"Fixed costs are $7,500.00. Each unit sells for $145.00 with a variable cost of $66.00. How many units must be sold to break even?",52 units,114 units,95 units,36 units
178,1,2026-09-09T04:00:24Z,2026-09-09T05:05:24Z,q0569,A contract signed on 7 August 2026 has a 315-day settlement period. On what date does it settle?,11 June 2027,18 June 2027,19 June 2027,18 July 2027
178,2,2026-09-09T04:00:24Z,2026-09-09T05:05:24Z,q0414,"A monthly headcount series runs 15, 22, 29, 36, 43. If the pattern continues, what is the next value?",57,50,64,43
178,3,2026-09-09T04:00:24Z,2026-09-09T05:05:24Z,q0109,A retailer sells 823 units at $49.86 each. What is total revenue?,"$41,034.78","$41,533.38","$40,536.18","$41,857.78"
178,4,2026-09-09T04:00:24Z,2026-09-09T05:05:24Z,q0364,"Fixed costs are $54,500.00. Each unit sells for $197.00 with a variable cost of $109.00. How many units must be sold to break even?",277 units,178 units,500 units,619 units
178,5,2026-09-09T04:00:24Z,2026-09-09T05:05:24Z,q1245,"A support queue holds 18 billing tickets, 24 technical tickets and 5 account tickets. If one is drawn at random, what is the probability it is a billing ticket?",51.1%,62.1%,38.3%,89.4%
179,1,2026-09-09T05:00:24Z,2026-09-09T06:05:24Z,q0556,"A monthly headcount series runs 28, 44, 60, 76, 92. If the pattern continues, what is the next value?",92,124,140,108
179,2,2026-09-09T05:00:24Z,2026-09-09T06:05:24Z,q1557,Region A had 130 orders averaging $87.00; region B had 64 orders averaging $90.00. What is the overall average order value?,131.31,89.01,88.50,87.99
179,3,2026-09-09T05:00:24Z,2026-09-09T06:05:24Z,q0085,A retailer sells 443 units at $87.45 each. What is total revenue?,"$39,614.85","$38,740.35","$39,183.35","$37,865.85"
179,4,2026-09-09T05:00:24Z,2026-09-09T06:05:24Z,q0985,"A monthly headcount series runs 3, 13, 23, 33, 43. If the pattern continues, what is the next value?",43,63,53,73
179,5,2026-09-09T05:00:24Z,2026-09-09T06:05:24Z,q1650,"An investment of $48,500.00 grows at 15% compounded annually. What is its value after 8 years?","$148,362.61","$129,010.96","$58,200.00","$106,700.00"
180,1,2026-09-09T06:00:24Z,2026-09-09T07:05:24Z,q0317,"Fixed costs are $12,000.00. Each unit sells for $95.00 with a variable cost of $22.00. How many units must be sold to break even?",103 units,126 units,545 units,164 units
180,2,2026-09-09T06:00:24Z,2026-09-09T07:05:24Z,q1472,"Fixed costs are $31,500.00. Each unit sells for $108.00 with a variable cost of $37.00. How many units must be sold to break even?",292 units,444 units,851 units,217 units
180,3,2026-09-09T06:00:24Z,2026-09-09T07:05:24Z,q0706,An item listed at $343.75 is discounted by 45%. What is the sale price?,$154.69,$498.44,$298.75,$189.06
180,4,2026-09-09T06:00:24Z,2026-09-09T07:05:24Z,q1473,"An invoice for $6,949.94 is settled at an exchange rate of 0.6758. What is the converted amount?","5,391.76","10,284.02","4,001.78","4,696.77"
180,5,2026-09-09T06:00:24Z,2026-09-09T07:05:24Z,q1414,"An invoice for $1,898.04 is settled at an exchange rate of 1.7988. What is the converted amount?","3,414.19","3,224.39","3,604.00","1,055.17"
181,1,2026-09-09T07:00:24Z,2026-09-09T08:05:24Z,q1462,Region A had 141 orders averaging $67.00; region B had 55 orders averaging $45.00. What is the overall average order value?,51.17,60.83,84.55,56.00
181,2,2026-09-09T07:00:24Z,2026-09-09T08:05:24Z,q1130,"Quarterly revenue moved from $4,650.00 to $4,116.00. What is the percentage change?",-13.0%,11.5%,-11.5%,88.5%
181,3,2026-09-09T07:00:24Z,2026-09-09T08:05:24Z,q1581,Region A had 24 orders averaging $81.00; region B had 142 orders averaging $74.00. What is the overall average order value?,75.01,77.50,79.99,87.69
181,4,2026-09-09T07:00:24Z,2026-09-09T08:05:24Z,q1104,"A support queue holds 20 billing tickets, 22 technical tickets and 7 account tickets. If one is drawn at random, what is the probability it is a billing ticket?",69.0%,44.9%,40.8%,85.7%
181,5,2026-09-09T07:00:24Z,2026-09-09T08:05:24Z,q1223,"Quarterly revenue moved from $1,550.00 to $955.00. What is the percentage change?",38.4%,-38.4%,61.6%,-62.3%
182,1,2026-09-09T08:00:23Z,2026-09-09T09:05:23Z,q0545,A contract signed on 25 September 2026 has a 271-day settlement period. On what date does it settle?,24 June 2027,23 June 2027,23 July 2027,16 June 2027
182,2,2026-09-09T08:00:23Z,2026-09-09T09:05:23Z,q0030,"Fixed costs are $10,000.00. Each unit sells for $178.00 with a variable cost of $115.00. How many units must be sold to break even?",34 units,159 units,87 units,56 units
182,3,2026-09-09T08:00:23Z,2026-09-09T09:05:23Z,q0419,"Quarterly revenue moved from $1,950.00 to $1,362.00. What is the percentage change?",30.2%,69.8%,-43.2%,-30.2%
182,4,2026-09-09T08:00:23Z,2026-09-09T09:05:23Z,q1140,"A support queue holds 25 billing tickets, 11 technical tickets and 12 account tickets. If one is drawn at random, what is the probability it is a billing ticket?",75.0%,22.9%,52.1%,108.7%
182,5,2026-09-09T08:00:23Z,2026-09-09T09:05:23Z,q0679,"A support queue holds 22 billing tickets, 21 technical tickets and 13 account tickets. If one is drawn at random, what is the probability it is a billing ticket?",39.3%,76.8%,37.5%,64.7%
183,1,2026-09-09T09:00:25Z,2026-09-09T10:05:25Z,q1443,"A support queue holds 25 billing tickets, 22 technical tickets and 11 account tickets. If one is drawn at random, what is the probability it is a billing ticket?",37.9%,81.0%,43.1%,75.8%
183,2,2026-09-09T09:00:25Z,2026-09-09T10:05:25Z,q0694,"A product line generates $29,750.00 in revenue against $19,296.83 in cost of goods sold. What is the gross margin?",21.3%,64.9%,35.1%,54.2%
183,3,2026-09-09T09:00:25Z,2026-09-09T10:05:25Z,q1408,A retailer sells 335 units at $83.87 each. What is total revenue?,"$27,257.75","$28,431.45","$28,096.45","$28,935.15"
183,4,2026-09-09T09:00:25Z,2026-09-09T10:05:25Z,q0283,"An invoice for $3,982.96 is settled at an exchange rate of 1.0382. What is the converted amount?","4,533.41","3,836.41","4,135.11","3,736.81"
183,5,2026-09-09T09:00:25Z,2026-09-09T10:05:25Z,q0265,A retailer sells 857 units at $4.70 each. What is total revenue?,"$4,074.90","$3,980.90","$4,027.90","$4,884.90"
184,1,2026-09-09T10:00:25Z,2026-09-09T11:05:25Z,q0236,Region A had 78 orders averaging $35.00; region B had 15 orders averaging $41.00. What is the overall average order value?,40.03,42.88,35.97,38.00
184,2,2026-09-09T10:00:25Z,2026-09-09T11:05:25Z,q1058,A retailer sells 343 units at $35.96 each. What is total revenue?,"$12,693.88","$12,334.28","$12,677.28","$11,974.68"
184,3,2026-09-09T10:00:25Z,2026-09-09T11:05:25Z,q1233,"A support queue holds 12 billing tickets, 4 technical tickets and 5 account tickets. If one is drawn at random, what is the probability it is a billing ticket?",76.2%,57.1%,19.0%,133.3%
184,4,2026-09-09T10:00:25Z,2026-09-09T11:05:25Z,q0678,"A $6,330.00 marketing budget is split between two channels in the ratio 4:2. What does the first channel receive?","$12,660.00","$4,220.00","$1,055.00","$2,110.00"
184,5,2026-09-09T10:00:25Z,2026-09-09T11:05:25Z,q0501,"A support queue holds 10 billing tickets, 24 technical tickets and 2 account tickets. If one is drawn at random, what is the probability it is a billing ticket?",38.5%,27.8%,66.7%,94.4%
185,1,2026-09-09T11:00:24Z,2026-09-09T12:05:24Z,q0355,"A monthly headcount series runs 37, 43, 49, 55, 61. If the pattern continues, what is the next value?",79,67,73,61
185,2,2026-09-09T11:00:24Z,2026-09-09T12:05:24Z,q1442,A $750.00 marketing budget is split between two channels in the ratio 7:8. What does the first channel receive?,$50.00,$656.25,$350.00,$400.00
185,3,2026-09-09T11:00:24Z,2026-09-09T12:05:24Z,q1658,A retailer sells 189 units at $69.43 each. What is total revenue?,"$13,122.27","$12,427.97","$13,311.27","$13,816.57"
185,4,2026-09-09T11:00:24Z,2026-09-09T12:05:24Z,q0924,"An invoice for $4,995.67 is settled at an exchange rate of 1.2521. What is the converted amount?","6,255.08","6,754.65","5,755.51","3,989.83"
185,5,2026-09-09T11:00:24Z,2026-09-09T12:05:24Z,q0446,"An investment of $29,500.00 grows at 15% compounded annually. What is its value after 5 years?","$51,595.68","$22,125.00","$51,625.00","$59,335.04"
186,1,2026-09-09T12:00:29Z,2026-09-09T13:05:29Z,q1268,"A support queue holds 4 billing tickets, 25 technical tickets and 12 account tickets. If one is drawn at random, what is the probability it is a billing ticket?",10.8%,9.8%,61.0%,70.7%
186,2,2026-09-09T12:00:29Z,2026-09-09T13:05:29Z,q0095,A $690.00 marketing budget is split between two channels in the ratio 4:6. What does the first channel receive?,$414.00,$69.00,$276.00,$460.00
186,3,2026-09-09T12:00:29Z,2026-09-09T13:05:29Z,q1450,"An invoice for $3,270.08 is settled at an exchange rate of 1.5783. What is the converted amount?","4,834.16","2,071.90","5,488.18","5,161.17"
186,4,2026-09-09T12:00:29Z,2026-09-09T13:05:29Z,q0654,"A $6,540.00 marketing budget is split between two channels in the ratio 2:3. What does the first channel receive?","$2,616.00","$3,924.00","$4,360.00","$1,308.00"
186,5,2026-09-09T12:00:29Z,2026-09-09T13:05:29Z,q0737,"A $8,580.00 marketing budget is split between two channels in the ratio 2:4. What does the first channel receive?","$1,430.00","$5,720.00","$4,290.00","$2,860.00"
187,1,2026-09-09T13:00:23Z,2026-09-09T14:05:23Z,q1059,"Quarterly revenue moved from $4,450.00 to $5,552.00. What is the percentage change?",24.8%,-24.8%,19.8%,124.8%
187,2,2026-09-09T13:00:23Z,2026-09-09T14:05:23Z,q0514,"Quarterly revenue moved from $1,500.00 to $1,264.00. What is the percentage change?",-15.7%,-18.7%,84.3%,15.7%
187,3,2026-09-09T13:00:23Z,2026-09-09T14:05:23Z,q0105,"A monthly headcount series runs 6, 14, 22, 30, 38. If the pattern continues, what is the next value?",38,62,46,54
187,4,2026-09-09T13:00:23Z,2026-09-09T14:05:23Z,q0520,Region A had 111 orders averaging $29.00; region B had 85 orders averaging $22.00. What is the overall average order value?,25.96,45.85,25.50,25.04
187,5,2026-09-09T13:00:23Z,2026-09-09T14:05:23Z,q0646,"A product line generates $24,000.00 in revenue against $11,441.46 in cost of goods sold. What is the gross margin?",35.4%,47.7%,52.3%,109.8%
188,1,2026-09-09T14:00:23Z,2026-09-09T15:05:23Z,q1611,"Quarterly revenue moved from $3,850.00 to $2,680.00. What is the percentage change?",-30.4%,30.4%,69.6%,-43.7%
188,2,2026-09-09T14:00:23Z,2026-09-09T15:05:23Z,q0743,"An investment of $39,500.00 grows at 12% compounded annually. What is its value after 5 years?","$62,154.01","$23,700.00","$69,612.50","$63,200.00"
188,3,2026-09-09T14:00:23Z,2026-09-09T15:05:23Z,q0315,An item listed at $214.42 is discounted by 45%. What is the sale price?,$117.93,$96.49,$310.91,$169.42
188,4,2026-09-09T14:00:23Z,2026-09-09T15:05:23Z,q1299,Region A had 137 orders averaging $55.00; region B had 87 orders averaging $29.00. What is the overall average order value?,73.42,39.10,42.00,44.90
188,5,2026-09-09T14:00:23Z,2026-09-09T15:05:23Z,q0857,"A support queue holds 24 billing tickets, 10 technical tickets and 5 account tickets. If one is drawn at random, what is the probability it is a billing ticket?",87.2%,61.5%,25.6%,160.0%
189,1,2026-09-09T15:00:23Z,2026-09-09T16:05:23Z,q1115,"A $5,490.00 marketing budget is split between two channels in the ratio 3:2. What does the first channel receive?","$1,098.00","$8,235.00","$2,196.00","$3,294.00"
189,2,2026-09-09T15:00:23Z,2026-09-09T16:05:23Z,q0577,"Fixed costs are $18,000.00. Each unit sells for $93.00 with a variable cost of $39.00. How many units must be sold to break even?",194 units,462 units,333 units,136 units
189,3,2026-09-09T15:00:23Z,2026-09-09T16:05:23Z,q0224,Region A had 84 orders averaging $93.00; region B had 96 orders averaging $23.00. What is the overall average order value?,104.38,58.00,60.33,55.67
189,4,2026-09-09T15:00:23Z,2026-09-09T16:05:23Z,q1532,"An invoice for $2,264.61 is settled at an exchange rate of 1.6480. What is the converted amount?","3,958.54","1,374.16","3,505.62","3,732.08"
189,5,2026-09-09T15:00:23Z,2026-09-09T16:05:23Z,q1485,"An invoice for $5,251.41 is settled at an exchange rate of 1.5650. What is the converted amount?","8,743.60","7,693.32","3,355.53","8,218.46"
190,1,2026-09-09T16:00:25Z,2026-09-09T17:05:25Z,q0214,A contract signed on 7 August 2026 has a 284-day settlement period. On what date does it settle?,17 June 2027,11 May 2027,19 May 2027,18 May 2027
190,2,2026-09-09T16:00:25Z,2026-09-09T17:05:25Z,q1457,"A product line generates $10,500.00 in revenue against $5,615.49 in cost of goods sold. What is the gross margin?",53.5%,30.3%,46.5%,87.0%
190,3,2026-09-09T16:00:25Z,2026-09-09T17:05:25Z,q0449,Region A had 176 orders averaging $81.00; region B had 135 orders averaging $45.00. What is the overall average order value?,60.63,115.52,65.37,63.00
190,4,2026-09-09T16:00:25Z,2026-09-09T17:05:25Z,q0215,"A $6,030.00 marketing budget is split between two channels in the ratio 2:3. What does the first channel receive?","$3,618.00","$4,020.00","$2,412.00","$1,206.00"
190,5,2026-09-09T16:00:25Z,2026-09-09T17:05:25Z,q1479,A retailer sells 497 units at $4.61 each. What is total revenue?,"$2,788.17","$2,245.07","$2,291.17","$2,337.27"
191,1,2026-09-09T17:00:22Z,2026-09-09T18:05:22Z,q0942,A retailer sells 955 units at $59.03 each. What is total revenue?,"$57,328.65","$56,373.65","$56,963.95","$55,783.35"
191,2,2026-09-09T17:00:22Z,2026-09-09T18:05:22Z,q0181,A retailer sells 886 units at $59.33 each. What is total revenue?,"$51,973.08","$53,452.38","$53,159.68","$52,566.38"
191,3,2026-09-09T17:00:22Z,2026-09-09T18:05:22Z,q1514,"A support queue holds 25 billing tickets, 5 technical tickets and 2 account tickets. If one is drawn at random, what is the probability it is a billing ticket?",15.6%,78.1%,93.8%,357.1%
191,4,2026-09-09T17:00:22Z,2026-09-09T18:05:22Z,q1111,"An invoice for $4,680.74 is settled at an exchange rate of 1.2998. What is the converted amount?","5,615.95","6,552.10","6,084.03","3,601.12"
191,5,2026-09-09T17:00:22Z,2026-09-09T18:05:22Z,q0725,A $600.00 marketing budget is split between two channels in the ratio 7:5. What does the first channel receive?,$350.00,$250.00,$50.00,$840.00
192,1,2026-09-09T18:00:23Z,2026-09-09T19:05:23Z,q1644,A $690.00 marketing budget is split between two channels in the ratio 2:4. What does the first channel receive?,$460.00,$230.00,$115.00,$345.00
192,2,2026-09-09T18:00:23Z,2026-09-09T19:05:23Z,q1463,"A monthly headcount series runs 28, 39, 50, 61, 72. If the pattern continues, what is the next value?",105,72,83,94
192,3,2026-09-09T18:00:23Z,2026-09-09T19:05:23Z,q1468,Quarterly revenue moved from $400.00 to $614.00. What is the percentage change?,34.9%,153.5%,53.5%,-53.5%
192,4,2026-09-09T18:00:23Z,2026-09-09T19:05:23Z,q1625,An item listed at $444.89 is discounted by 30%. What is the sale price?,$311.42,$133.47,$578.36,$414.89
192,5,2026-09-09T18:00:23Z,2026-09-09T19:05:23Z,q1207,A contract signed on 18 October 2026 has a 62-day settlement period. On what date does it settle?,18 January 2027,19 December 2026,12 December 2026,20 December 2026
193,1,2026-09-09T19:00:23Z,2026-09-09T20:05:23Z,q0500,"A $8,250.00 marketing budget is split between two channels in the ratio 3:5. What does the first channel receive?","$5,156.25","$1,031.25","$4,950.00","$3,093.75"
193,2,2026-09-09T19:00:23Z,2026-09-09T20:05:23Z,q0901,Region A had 77 orders averaging $67.00; region B had 141 orders averaging $52.00. What is the overall average order value?,59.50,88.59,57.30,61.70
193,3,2026-09-09T19:00:23Z,2026-09-09T20:05:23Z,q0273,"A monthly headcount series runs 19, 28, 37, 46, 55. If the pattern continues, what is the next value?",64,73,55,82
193,4,2026-09-09T19:00:23Z,2026-09-09T20:05:23Z,q0295,Region A had 118 orders averaging $72.00; region B had 40 orders averaging $63.00. What is the overall average order value?,67.50,65.28,69.72,93.36
193,5,2026-09-09T19:00:23Z,2026-09-09T20:05:23Z,q0786,A retailer sells 657 units at $11.54 each. What is total revenue?,"$7,466.38","$7,581.78","$7,697.18","$8,238.78"
194,1,2026-09-09T20:00:23Z,2026-09-09T21:05:23Z,q0908,"A product line generates $58,750.00 in revenue against $35,291.01 in cost of goods sold. What is the gross margin?",66.5%,39.9%,24.9%,60.1%
194,2,2026-09-09T20:00:23Z,2026-09-09T21:05:23Z,q0969,"An investment of $44,000.00 grows at 3% compounded annually. What is its value after 6 years?","$52,538.30","$51,920.00","$51,008.06","$7,920.00"
194,3,2026-09-09T20:00:23Z,2026-09-09T21:05:23Z,q0890,"A monthly headcount series runs 4, 11, 18, 25, 32. If the pattern continues, what is the next value?",32,46,39,53
194,4,2026-09-09T20:00:23Z,2026-09-09T21:05:23Z,q0775,"Quarterly revenue moved from $3,700.00 to $4,322.00. What is the percentage change?",116.8%,16.8%,-16.8%,14.4%
194,5,2026-09-09T20:00:23Z,2026-09-09T21:05:23Z,q1206,"A monthly headcount series runs 38, 42, 46, 50, 54. If the pattern continues, what is the next value?",66,54,62,58
195,1,2026-09-09T21:00:24Z,2026-09-09T22:05:24Z,q1279,"A support queue holds 12 billing tickets, 23 technical tickets and 13 account tickets. If one is drawn at random, what is the probability it is a billing ticket?",33.3%,25.0%,47.9%,72.9%
195,2,2026-09-09T21:00:24Z,2026-09-09T22:05:24Z,q1456,Quarterly revenue moved from $500.00 to $257.00. What is the percentage change?,48.6%,-94.6%,51.4%,-48.6%
195,3,2026-09-09T21:00:24Z,2026-09-09T22:05:24Z,q0380,A contract signed on 26 April 2026 has a 393-day settlement period. On what date does it settle?,24 May 2027,25 May 2027,17 May 2027,23 June 2027
195,4,2026-09-09T21:00:24Z,2026-09-09T22:05:24Z,q1057,"A support queue holds 19 billing tickets, 23 technical tickets and 7 account tickets. If one is drawn at random, what is the probability it is a billing ticket?",46.9%,38.8%,85.7%,63.3%
195,5,2026-09-09T21:00:24Z,2026-09-09T22:05:24Z,q0862,"An investment of $31,500.00 grows at 11% compounded annually. What is its value after 7 years?","$55,755.00","$58,918.06","$24,255.00","$65,399.04"
196,1,2026-09-09T22:00:20Z,2026-09-09T23:05:20Z,q0978,"Quarterly revenue moved from $4,700.00 to $3,376.00. What is the percentage change?",28.2%,-39.2%,71.8%,-28.2%
196,2,2026-09-09T22:00:20Z,2026-09-09T23:05:20Z,q1260,"A product line generates $47,750.00 in revenue against $39,593.64 in cost of goods sold. What is the gross margin?",20.6%,17.1%,82.9%,9.3%
196,3,2026-09-09T22:00:20Z,2026-09-09T23:05:20Z,q1149,A contract signed on 19 December 2026 has a 344-day settlement period. On what date does it settle?,21 November 2027,28 November 2027,28 December 2027,29 November 2027
196,4,2026-09-09T22:00:20Z,2026-09-09T23:05:20Z,q0401,Region A had 162 orders averaging $33.00; region B had 67 orders averaging $41.00. What is the overall average order value?,37.00,49.96,38.66,35.34
196,5,2026-09-09T22:00:20Z,2026-09-09T23:05:20Z,q1016,"An investment of $9,000.00 grows at 12% compounded annually. What is its value after 3 years?","$12,240.00","$11,289.60","$12,644.35","$3,240.00"
197,1,2026-09-09T23:00:15Z,2026-09-10T00:05:15Z,q1280,A retailer sells 628 units at $37.24 each. What is total revenue?,"$23,014.32","$23,386.72","$23,759.12","$24,014.72"
197,2,2026-09-09T23:00:15Z,2026-09-10T00:05:15Z,q1336,"A $6,330.00 marketing budget is split between two channels in the ratio 3:2. What does the first channel receive?","$1,266.00","$2,532.00","$3,798.00","$9,495.00"
197,3,2026-09-09T23:00:15Z,2026-09-10T00:05:15Z,q1624,"A product line generates $35,250.00 in revenue against $27,364.17 in cost of goods sold. What is the gross margin?",77.6%,28.8%,22.4%,12.6%
197,4,2026-09-09T23:00:15Z,2026-09-10T00:05:15Z,q0603,Region A had 142 orders averaging $20.00; region B had 132 orders averaging $26.00. What is the overall average order value?,22.89,23.00,23.11,44.17
197,5,2026-09-09T23:00:15Z,2026-09-10T00:05:15Z,q0064,An item listed at $229.15 is discounted by 15%. What is the sale price?,$194.78,$263.52,$214.15,$34.37
198,1,2026-09-10T00:01:14Z,2026-09-10T01:06:14Z,q1438,"An invoice for $6,668.14 is settled at an exchange rate of 0.6208. What is the converted amount?","3,472.77","4,806.40","4,139.58","10,741.20"
198,2,2026-09-10T00:01:14Z,2026-09-10T01:06:14Z,q0511,A contract signed on 15 September 2026 has a 51-day settlement period. On what date does it settle?,29 October 2026,6 November 2026,5 December 2026,5 November 2026
198,3,2026-09-10T00:01:14Z,2026-09-10T01:06:14Z,q0435,"Fixed costs are $16,000.00. Each unit sells for $108.00 with a variable cost of $68.00. How many units must be sold to break even?",91 units,148 units,400 units,235 units
198,4,2026-09-10T00:01:14Z,2026-09-10T01:06:14Z,q1376,An item listed at $255.36 is discounted by 45%. What is the sale price?,$210.36,$114.91,$370.27,$140.45
198,5,2026-09-10T00:01:14Z,2026-09-10T01:06:14Z,q0651,Region A had 193 orders averaging $32.00; region B had 199 orders averaging $33.00. What is the overall average order value?,32.51,64.04,32.49,32.50
199,1,2026-09-10T01:01:08Z,2026-09-10T02:06:08Z,q0391,A contract signed on 26 November 2026 has a 34-day settlement period. On what date does it settle?,31 December 2026,23 December 2026,30 December 2026,29 January 2027
199,2,2026-09-10T01:01:08Z,2026-09-10T02:06:08Z,q0869,"A support queue holds 6 billing tickets, 13 technical tickets and 7 account tickets. If one is drawn at random, what is the probability it is a billing ticket?",30.0%,23.1%,50.0%,73.1%
199,3,2026-09-10T01:01:08Z,2026-09-10T02:06:08Z,q1502,"A support queue holds 25 billing tickets, 15 technical tickets and 5 account tickets. If one is drawn at random, what is the probability it is a billing ticket?",88.9%,55.6%,125.0%,33.3%
199,4,2026-09-10T01:01:08Z,2026-09-10T02:06:08Z,q0925,Region A had 79 orders averaging $64.00; region B had 45 orders averaging $34.00. What is the overall average order value?,49.00,83.37,44.89,53.11
199,5,2026-09-10T01:01:08Z,2026-09-10T02:06:08Z,q0781,Region A had 87 orders averaging $25.00; region B had 108 orders averaging $50.00. What is the overall average order value?,36.15,70.14,38.85,37.50
200,1,2026-09-10T02:01:10Z,2026-09-10T03:06:10Z,q0766,An item listed at $148.54 is discounted by 10%. What is the sale price?,$138.54,$14.85,$133.69,$163.39
200,2,2026-09-10T02:01:10Z,2026-09-10T03:06:10Z,q0847,"Quarterly revenue moved from $1,650.00 to $1,117.00. What is the percentage change?",32.3%,67.7%,-47.7%,-32.3%
200,3,2026-09-10T02:01:10Z,2026-09-10T03:06:10Z,q1012,A retailer sells 705 units at $51.57 each. What is total revenue?,"$36,872.55","$36,356.85","$35,841.15","$37,061.85"
200,4,2026-09-10T02:01:10Z,2026-09-10T03:06:10Z,q1669,A retailer sells 926 units at $35.87 each. What is total revenue?,"$32,856.92","$33,574.32","$33,215.62","$34,141.62"
200,5,2026-09-10T02:01:10Z,2026-09-10T03:06:10Z,q0140,Region A had 72 orders averaging $67.00; region B had 179 orders averaging $85.00. What is the overall average order value?,111.95,72.16,79.84,76.00
201,1,2026-09-10T03:01:12Z,2026-09-10T04:06:12Z,q0824,"A product line generates $34,000.00 in revenue against $24,013.31 in cost of goods sold. What is the gross margin?",29.4%,17.2%,41.6%,70.6%
201,2,2026-09-10T03:01:12Z,2026-09-10T04:06:12Z,q1372,"A support queue holds 15 billing tickets, 3 technical tickets and 11 account tickets. If one is drawn at random, what is the probability it is a billing ticket?",10.3%,107.1%,51.7%,62.1%
201,3,2026-09-10T03:01:12Z,2026-09-10T04:06:12Z,q0830,"A monthly headcount series runs 17, 29, 41, 53, 65. If the pattern continues, what is the next value?",89,101,77,65
201,4,2026-09-10T03:01:12Z,2026-09-10T04:06:12Z,q0776,"A product line generates $61,750.00 in revenue against $28,854.06 in cost of goods sold. What is the gross margin?",36.3%,114.0%,53.3%,46.7%
201,5,2026-09-10T03:01:12Z,2026-09-10T04:06:12Z,q1274,"Fixed costs are $66,500.00. Each unit sells for $33.00 with a variable cost of $23.00. How many units must be sold to break even?","2,891 units","2,015 units","1,188 units","6,650 units"
202,1,2026-09-10T04:01:09Z,2026-09-10T05:06:09Z,q0909,An item listed at $850.88 is discounted by 5%. What is the sale price?,$845.88,$808.34,$42.54,$893.42
202,2,2026-09-10T04:01:09Z,2026-09-10T05:06:09Z,q1201,An item listed at $881.56 is discounted by 5%. What is the sale price?,$44.08,$837.48,$925.64,$876.56
202,3,2026-09-10T04:01:09Z,2026-09-10T05:06:09Z,q1195,A contract signed on 18 April 2026 has a 31-day settlement period. On what date does it settle?,19 May 2026,20 May 2026,18 June 2026,12 May 2026
202,4,2026-09-10T04:01:09Z,2026-09-10T05:06:09Z,q1222,A retailer sells 319 units at $4.51 each. What is total revenue?,"$1,438.69","$1,393.59","$1,483.79","$1,757.69"
202,5,2026-09-10T04:01:09Z,2026-09-10T05:06:09Z,q1298,"An invoice for $8,292.98 is settled at an exchange rate of 1.1878. What is the converted amount?","9,021.10","9,850.40","10,679.70","6,981.80"
203,1,2026-09-10T05:01:25Z,2026-09-10T06:06:25Z,q0702,"A support queue holds 18 billing tickets, 5 technical tickets and 12 account tickets. If one is drawn at random, what is the probability it is a billing ticket?",105.9%,65.7%,14.3%,51.4%
203,2,2026-09-10T05:01:25Z,2026-09-10T06:06:25Z,q0203,"A $7,740.00 marketing budget is split between two channels in the ratio 3:2. What does the first channel receive?","$4,644.00","$11,610.00","$1,548.00","$3,096.00"
203,3,2026-09-10T05:01:25Z,2026-09-10T06:06:25Z,q0268,An item listed at $51.72 is discounted by 15%. What is the sale price?,$36.72,$7.76,$59.48,$43.96
203,4,2026-09-10T05:01:25Z,2026-09-10T06:06:25Z,q1006,"An invoice for $5,123.36 is settled at an exchange rate of 1.8927. What is the converted amount?","9,696.98","2,706.91","9,184.65","10,209.32"
203,5,2026-09-10T05:01:25Z,2026-09-10T06:06:25Z,q1494,An item listed at $112.87 is discounted by 30%. What is the sale price?,$82.87,$79.01,$33.86,$146.73
204,1,2026-09-10T06:01:08Z,2026-09-10T07:06:08Z,q0516,An item listed at $680.38 is discounted by 20%. What is the sale price?,$660.38,$816.46,$136.08,$544.30
204,2,2026-09-10T06:01:08Z,2026-09-10T07:06:08Z,q0752,Quarterly revenue moved from $450.00 to $637.00. What is the percentage change?,-41.6%,41.6%,29.4%,141.6%
204,3,2026-09-10T06:01:08Z,2026-09-10T07:06:08Z,q0016,An item listed at $510.02 is discounted by 5%. What is the sale price?,$484.52,$25.50,$535.52,$505.02
204,4,2026-09-10T06:01:08Z,2026-09-10T07:06:08Z,q0122,Quarterly revenue moved from $750.00 to $497.00. What is the percentage change?,66.3%,-33.7%,33.7%,-50.9%
204,5,2026-09-10T06:01:08Z,2026-09-10T07:06:08Z,q0127,"An invoice for $7,234.30 is settled at an exchange rate of 1.2587. What is the converted amount?","9,829.24","8,382.38","9,105.81","5,747.44"
205,1,2026-09-10T07:01:02Z,2026-09-10T08:06:02Z,q0217,A retailer sells 311 units at $80.93 each. What is total revenue?,"$25,169.23","$25,978.53","$24,359.93","$25,480.23"
205,2,2026-09-10T07:01:02Z,2026-09-10T08:06:02Z,q1437,"Fixed costs are $46,000.00. Each unit sells for $162.00 with a variable cost of $77.00. How many units must be sold to break even?",192 units,597 units,541 units,284 units
205,3,2026-09-10T07:01:02Z,2026-09-10T08:06:02Z,q0254,"Quarterly revenue moved from $1,000.00 to $516.00. What is the percentage change?",48.4%,-48.4%,-93.8%,51.6%
205,4,2026-09-10T07:01:02Z,2026-09-10T08:06:02Z,q0157,A retailer sells 975 units at $22.89 each. What is total revenue?,"$22,317.75","$23,292.75","$22,546.65","$22,088.85"
205,5,2026-09-10T07:01:02Z,2026-09-10T08:06:02Z,q0298,"A $8,880.00 marketing budget is split between two channels in the ratio 3:2. What does the first channel receive?","$13,320.00","$3,552.00","$5,328.00","$1,776.00"
206,1,2026-09-10T08:01:04Z,2026-09-10T09:06:04Z,q0333,A contract signed on 18 February 2026 has a 120-day settlement period. On what date does it settle?,18 July 2026,18 June 2026,11 June 2026,19 June 2026
206,2,2026-09-10T08:01:04Z,2026-09-10T09:06:04Z,q0170,"Quarterly revenue moved from $4,450.00 to $6,473.00. What is the percentage change?",145.5%,31.3%,-45.5%,45.5%
206,3,2026-09-10T08:01:04Z,2026-09-10T09:06:04Z,q0740,"Quarterly revenue moved from $4,300.00 to $3,480.00. What is the percentage change?",80.9%,19.1%,-23.6%,-19.1%
206,4,2026-09-10T08:01:04Z,2026-09-10T09:06:04Z,q1587,Quarterly revenue moved from $600.00 to $528.00. What is the percentage change?,-13.6%,-12.0%,88.0%,12.0%
206,5,2026-09-10T08:01:04Z,2026-09-10T09:06:04Z,q0454,A retailer sells 324 units at $22.60 each. What is total revenue?,"$7,548.40","$7,322.40","$7,646.40","$7,096.40"
207,1,2026-09-10T09:01:09Z,2026-09-10T10:06:09Z,q1266,A contract signed on 2 August 2026 has a 300-day settlement period. On what date does it settle?,22 May 2027,29 May 2027,28 June 2027,30 May 2027
207,2,2026-09-10T09:01:09Z,2026-09-10T10:06:09Z,q1204,"An invoice for $5,684.49 is settled at an exchange rate of 1.1199. What is the converted amount?","6,366.06","6,934.51","5,797.61","5,075.89"
207,3,2026-09-10T09:01:09Z,2026-09-10T10:06:09Z,q1208,"A $1,290.00 marketing budget is split between two channels in the ratio 2:6. What does the first channel receive?",$322.50,$161.25,$430.00,$967.50
207,4,2026-09-10T09:01:09Z,2026-09-10T10:06:09Z,q0544,"A monthly headcount series runs 24, 39, 54, 69, 84. If the pattern continues, what is the next value?",84,99,129,114
207,5,2026-09-10T09:01:09Z,2026-09-10T10:06:09Z,q0856,"A $5,670.00 marketing budget is split between two channels in the ratio 3:2. What does the first channel receive?","$2,268.00","$3,402.00","$1,134.00","$8,505.00"
208,1,2026-09-10T10:01:02Z,2026-09-10T11:06:02Z,q0570,"A $7,140.00 marketing budget is split between two channels in the ratio 2:4. What does the first channel receive?","$4,760.00","$3,570.00","$1,190.00","$2,380.00"
208,2,2026-09-10T10:01:02Z,2026-09-10T11:06:02Z,q0836,"A product line generates $24,250.00 in revenue against $18,796.22 in cost of goods sold. What is the gross margin?",77.5%,22.5%,12.7%,29.0%
208,3,2026-09-10T10:01:02Z,2026-09-10T11:06:02Z,q1645,"A support queue holds 10 billing tickets, 5 technical tickets and 2 account tickets. If one is drawn at random, what is the probability it is a billing ticket?",88.2%,142.9%,29.4%,58.8%
208,4,2026-09-10T10:01:02Z,2026-09-10T11:06:02Z,q1069,"A support queue holds 23 billing tickets, 7 technical tickets and 9 account tickets. If one is drawn at random, what is the probability it is a billing ticket?",17.9%,76.9%,143.8%,59.0%
208,5,2026-09-10T10:01:02Z,2026-09-10T11:06:02Z,q1112,Region A had 22 orders averaging $72.00; region B had 77 orders averaging $59.00. What is the overall average order value?,69.11,79.57,61.89,65.50
209,1,2026-09-10T11:01:07Z,2026-09-10T12:06:07Z,q0677,A contract signed on 25 August 2026 has a 87-day settlement period. On what date does it settle?,20 November 2026,20 December 2026,13 November 2026,21 November 2026
209,2,2026-09-10T11:01:07Z,2026-09-10T12:06:07Z,q1261,An item listed at $522.27 is discounted by 10%. What is the sale price?,$470.04,$512.27,$574.50,$52.23
209,3,2026-09-10T11:01:07Z,2026-09-10T12:06:07Z,q1105,A retailer sells 312 units at $50.01 each. What is total revenue?,"$16,103.22","$15,915.12","$15,103.02","$15,603.12"
209,4,2026-09-10T11:01:07Z,2026-09-10T12:06:07Z,q0284,Region A had 48 orders averaging $90.00; region B had 166 orders averaging $85.00. What is the overall average order value?,88.88,87.50,111.02,86.12
209,5,2026-09-10T11:01:07Z,2026-09-10T12:06:07Z,q0486,"A monthly headcount series runs 8, 14, 20, 26, 32. If the pattern continues, what is the next value?",38,50,44,32
210,1,2026-09-10T12:01:13Z,2026-09-10T13:06:13Z,q0068,Region A had 29 orders averaging $40.00; region B had 192 orders averaging $60.00. What is the overall average order value?,50.00,57.38,42.62,66.04
210,2,2026-09-10T12:01:13Z,2026-09-10T13:06:13Z,q1294,"A product line generates $12,750.00 in revenue against $5,803.78 in cost of goods sold. What is the gross margin?",119.7%,45.5%,54.5%,37.4%
210,3,2026-09-10T12:01:13Z,2026-09-10T13:06:13Z,q1315,A retailer sells 131 units at $83.28 each. What is total revenue?,"$10,909.68","$10,076.88","$11,742.48","$11,040.68"
210,4,2026-09-10T12:01:13Z,2026-09-10T13:06:13Z,q0800,"A product line generates $11,000.00 in revenue against $9,877.76 in cost of goods sold. What is the gross margin?",5.4%,89.8%,11.4%,10.2%
210,5,2026-09-10T12:01:13Z,2026-09-10T13:06:13Z,q1252,"An invoice for $6,015.37 is settled at an exchange rate of 1.8410. What is the converted amount?","3,267.45","11,074.30","11,675.83","10,472.76"
211,1,2026-09-10T13:01:05Z,2026-09-10T14:06:05Z,q0988,"A support queue holds 25 billing tickets, 12 technical tickets and 12 account tickets. If one is drawn at random, what is the probability it is a billing ticket?",24.5%,104.2%,51.0%,75.5%
211,2,2026-09-10T13:01:05Z,2026-09-10T14:06:05Z,q0233,"An investment of $20,500.00 grows at 7% compounded annually. What is its value after 2 years?","$23,470.45","$23,370.00","$21,935.00","$2,870.00"
211,3,2026-09-10T13:01:05Z,2026-09-10T14:06:05Z,q1263,"Fixed costs are $71,500.00. Each unit sells for $43.00 with a variable cost of $15.00. How many units must be sold to break even?","1,663 units","1,233 units","2,554 units","4,767 units"
211,4,2026-09-10T13:01:05Z,2026-09-10T14:06:05Z,q0366,Region A had 96 orders averaging $44.00; region B had 150 orders averaging $87.00. What is the overall average order value?,60.78,115.16,65.50,70.22
211,5,2026-09-10T13:01:05Z,2026-09-10T14:06:05Z,q1047,"Quarterly revenue moved from $2,600.00 to $2,900.00. What is the percentage change?",111.5%,-11.5%,10.3%,11.5%
212,1,2026-09-10T14:01:09Z,2026-09-10T15:06:09Z,q0640,"A monthly headcount series runs 30, 47, 64, 81, 98. If the pattern continues, what is the next value?",149,132,98,115
212,2,2026-09-10T14:01:09Z,2026-09-10T15:06:09Z,q1377,"An investment of $31,500.00 grows at 13% compounded annually. What is its value after 2 years?","$39,690.00","$40,222.35","$35,595.00","$8,190.00"
212,3,2026-09-10T14:01:09Z,2026-09-10T15:06:09Z,q0996,Region A had 61 orders averaging $43.00; region B had 30 orders averaging $86.00. What is the overall average order value?,57.18,71.82,64.50,85.30
212,4,2026-09-10T14:01:09Z,2026-09-10T15:06:09Z,q0075,"A product line generates $40,750.00 in revenue against $32,415.02 in cost of goods sold. What is the gross margin?",20.5%,25.7%,79.5%,11.4%
212,5,2026-09-10T14:01:09Z,2026-09-10T15:06:09Z,q0219,"A product line generates $17,000.00 in revenue against $15,078.74 in cost of goods sold. What is the gross margin?",6.0%,88.7%,12.7%,11.3%
213,1,2026-09-10T15:01:19Z,2026-09-10T16:06:19Z,q1425,"Fixed costs are $18,500.00. Each unit sells for $109.00 with a variable cost of $65.00. How many units must be sold to break even?",170 units,285 units,420 units,106 units
213,2,2026-09-10T15:01:19Z,2026-09-10T16:06:19Z,q0950,A contract signed on 17 April 2026 has a 58-day settlement period. On what date does it settle?,7 June 2026,14 June 2026,15 June 2026,14 July 2026
213,3,2026-09-10T15:01:19Z,2026-09-10T16:06:19Z,q0448,"An invoice for $8,460.48 is settled at an exchange rate of 1.7839. What is the converted amount?","14,246.60","15,092.65","15,938.70","4,742.69"
213,4,2026-09-10T15:01:19Z,2026-09-10T16:06:19Z,q0656,A retailer sells 581 units at $76.66 each. What is total revenue?,"$44,539.46","$45,306.06","$43,772.86","$45,120.46"
213,5,2026-09-10T15:01:19Z,2026-09-10T16:06:19Z,q0409,An item listed at $381.38 is discounted by 20%. What is the sale price?,$361.38,$76.28,$457.66,$305.10
